{
  "users": [
    {
      "id": "22b813e8-5b4b-468e-968a-1f3a26b0d79b",
      "username": "user0",
      "password": "user0"
    },
    {
      "id": "99fe1be5-ff35-489d-bf92-3d91b6ab741f",
      "username": "user1",
      "password": "user1"
    }
  ],
  "accounts": [
    {
      "id": "6baabdbb-3d5a-4c2a-8365-08502d689b68",
      "name": "account0",
      "description": "description 0.7569117909459687",
      "customerIDs": [
        "e2430ecc-c87b-4861-b2a3-46187c75d46c",
        "bfecbf61-5e2f-4989-af73-d0c54978d722",
        "4cce0130-0e87-460b-876b-0045e9e3165e",
        "3cd36b61-d3ea-476e-8984-5ca3739bc035",
        "1fc38374-0200-4967-b936-757d04d9a67a"
      ],
      "ownedBy": "99fe1be5-ff35-489d-bf92-3d91b6ab741f"
    },
    {
      "id": "b6c0d0c5-ae21-4c55-a03b-97d2060c85bc",
      "name": "account1",
      "description": "description 0.661041711287631",
      "customerIDs": [
        "626f516b-1a40-4d10-b3ee-a65734f4c086",
        "c8cc5e9d-5177-4c51-abdb-ae786b9d0e47",
        "f17808bf-8441-468c-94c1-24263323977b",
        "275bbb46-11de-4555-bc48-75043f720bd2",
        "1076aab0-0c34-480e-9ec9-3fcb85cb4885"
      ],
      "ownedBy": "99fe1be5-ff35-489d-bf92-3d91b6ab741f"
    },
    {
      "id": "95a825fa-c76e-4e11-9d65-5126bc886e0f",
      "name": "account2",
      "description": "description 0.5376865665241262",
      "customerIDs": [
        "68a02172-b25d-400d-85f4-2e40239e97ea",
        "a2191469-b70b-46d7-b133-1a6abad85072",
        "c441a5cc-9db8-4d3d-818b-727774f35eff",
        "68cb4bd8-59b3-4648-b8d9-ea1556df0a29",
        "993c4015-ba74-4ba7-99de-74740610debc"
      ],
      "ownedBy": "99fe1be5-ff35-489d-bf92-3d91b6ab741f"
    },
    {
      "id": "ac6bc4a5-1e76-4f50-9a2f-f348d8f381d2",
      "name": "account3",
      "description": "description 0.48406176851804616",
      "customerIDs": [
        "21bf8d9d-1207-4a9f-8926-92407f081a96",
        "0fea628a-e457-4306-b09f-e1be702d767c",
        "93d0b5e3-835d-4ac2-879b-2595a82172ce",
        "170a1efe-afb8-488c-a0bd-756504571c30",
        "cbeacb6b-aea7-4810-aaf9-de99aeee96c4"
      ],
      "ownedBy": "22b813e8-5b4b-468e-968a-1f3a26b0d79b"
    },
    {
      "id": "b593fbdd-8d68-4ebc-9325-ed578ada641a",
      "name": "account4",
      "description": "description 0.03558052056405814",
      "customerIDs": [
        "88e1b572-7b1a-4851-99aa-aad3266d1b2d",
        "bbfc52c1-1fae-40ed-9771-23f8080a61a2",
        "fe472190-dacf-4afc-99e2-234db7b9a3f5",
        "5da8e6ac-6415-4063-979d-650ffbb659f6",
        "138d2d6e-7eb8-4802-b82f-ef2ae8cafb33"
      ],
      "ownedBy": "22b813e8-5b4b-468e-968a-1f3a26b0d79b"
    }
  ],
  "invoices": [
    {
      "id": "5342ad2a-5172-4558-a13a-9cefd76ea314",
      "description": "invoice 0",
      "purchasedDate": "2026-01-07T21:24:30.485Z",
      "purchasedPrice": 55
    },
    {
      "id": "67149005-b099-4e68-9d4d-8086e2af593f",
      "description": "invoice 1",
      "purchasedDate": "2026-01-07T21:24:30.485Z",
      "purchasedPrice": 63
    },
    {
      "id": "848d4000-73e4-466d-aec3-e5d28bb73ba8",
      "description": "invoice 2",
      "purchasedDate": "2026-01-07T21:24:30.485Z",
      "purchasedPrice": 2
    },
    {
      "id": "ed9f08b1-2e48-4b38-ade9-e1a30c45da07",
      "description": "invoice 3",
      "purchasedDate": "2026-01-07T21:24:30.485Z",
      "purchasedPrice": 36
    },
    {
      "id": "75f63935-fd87-42ec-8c39-8bc19d5efb6d",
      "description": "invoice 4",
      "purchasedDate": "2026-01-07T21:24:30.485Z",
      "purchasedPrice": 72
    },
    {
      "id": "ebf16bd7-9ddb-46ef-879a-14f0414575f9",
      "description": "invoice 5",
      "purchasedDate": "2026-01-07T21:24:30.485Z",
      "purchasedPrice": 25
    },
    {
      "id": "00f5e6ee-ed63-454e-8aee-72272c8b6e09",
      "description": "invoice 6",
      "purchasedDate": "2026-01-07T21:24:30.485Z",
      "purchasedPrice": 51
    },
    {
      "id": "ec59b69a-e5b0-488d-ab59-e8651dcd2351",
      "description": "invoice 7",
      "purchasedDate": "2026-01-07T21:24:30.485Z",
      "purchasedPrice": 59
    },
    {
      "id": "1b315ccb-79ca-4cdc-b442-a071791e51f9",
      "description": "invoice 8",
      "purchasedDate": "2026-01-07T21:24:30.485Z",
      "purchasedPrice": 95
    },
    {
      "id": "b512dddb-870e-49fb-ad8b-3ee66eddecd9",
      "description": "invoice 9",
      "purchasedDate": "2026-01-07T21:24:30.485Z",
      "purchasedPrice": 98
    },
    {
      "id": "ea1aa482-7118-44b7-b895-c207ae7f8305",
      "description": "invoice 10",
      "purchasedDate": "2026-01-07T21:24:30.486Z",
      "purchasedPrice": 77
    },
    {
      "id": "132b0e1d-354b-4d44-99be-790208253c02",
      "description": "invoice 11",
      "purchasedDate": "2026-01-07T21:24:30.486Z",
      "purchasedPrice": 66
    },
    {
      "id": "d3473b0b-8df4-4b94-a828-a9388770e3e0",
      "description": "invoice 12",
      "purchasedDate": "2026-01-07T21:24:30.486Z",
      "purchasedPrice": 67
    },
    {
      "id": "8977e4d5-e65a-464b-af0d-95d3cc80b44d",
      "description": "invoice 13",
      "purchasedDate": "2026-01-07T21:24:30.486Z",
      "purchasedPrice": 37
    },
    {
      "id": "67389020-7560-4f20-908b-08fa8942f1a2",
      "description": "invoice 14",
      "purchasedDate": "2026-01-07T21:24:30.486Z",
      "purchasedPrice": 96
    },
    {
      "id": "cbe329db-a44a-4abd-b687-ce521629ae97",
      "description": "invoice 15",
      "purchasedDate": "2026-01-07T21:24:30.486Z",
      "purchasedPrice": 55
    },
    {
      "id": "8e728ffb-0264-4715-82e4-b1abb61d6762",
      "description": "invoice 16",
      "purchasedDate": "2026-01-07T21:24:30.486Z",
      "purchasedPrice": 34
    },
    {
      "id": "c7c1af00-a428-40b2-a9d3-1f72e72c3afe",
      "description": "invoice 17",
      "purchasedDate": "2026-01-07T21:24:30.486Z",
      "purchasedPrice": 54
    },
    {
      "id": "1fefd5b1-b67f-4c92-aa44-d3c1f7c663f2",
      "description": "invoice 18",
      "purchasedDate": "2026-01-07T21:24:30.486Z",
      "purchasedPrice": 9
    },
    {
      "id": "db789550-c2ed-48c5-a6f7-da5b48f07530",
      "description": "invoice 19",
      "purchasedDate": "2026-01-07T21:24:30.486Z",
      "purchasedPrice": 59
    },
    {
      "id": "41f1fc2f-e7d2-42c0-bfd4-5ccfd3b5ae2a",
      "description": "invoice 20",
      "purchasedDate": "2026-01-07T21:24:30.486Z",
      "purchasedPrice": 48
    },
    {
      "id": "06f867a9-e92e-4c08-a64c-239a43adfa0f",
      "description": "invoice 21",
      "purchasedDate": "2026-01-07T21:24:30.486Z",
      "purchasedPrice": 8
    },
    {
      "id": "2e991959-c50a-4af2-94b9-b065e4b3ff30",
      "description": "invoice 22",
      "purchasedDate": "2026-01-07T21:24:30.486Z",
      "purchasedPrice": 52
    },
    {
      "id": "a76d9b93-8949-436b-9bfa-a65327365e80",
      "description": "invoice 23",
      "purchasedDate": "2026-01-07T21:24:30.486Z",
      "purchasedPrice": 56
    },
    {
      "id": "8f8b9965-0a52-4147-9e97-2a438afd4102",
      "description": "invoice 24",
      "purchasedDate": "2026-01-07T21:24:30.486Z",
      "purchasedPrice": 59
    },
    {
      "id": "0b2dec13-e416-4e9c-929a-bb2f3ba23c1d",
      "description": "invoice 25",
      "purchasedDate": "2026-01-07T21:24:30.486Z",
      "purchasedPrice": 39
    },
    {
      "id": "d8887653-8bfe-4fdd-8ce4-fdfbba143924",
      "description": "invoice 26",
      "purchasedDate": "2026-01-07T21:24:30.486Z",
      "purchasedPrice": 85
    },
    {
      "id": "6be14a55-bc3c-4b64-be7e-74172b54338f",
      "description": "invoice 27",
      "purchasedDate": "2026-01-07T21:24:30.486Z",
      "purchasedPrice": 42
    },
    {
      "id": "c39f7683-e022-432f-85df-b8f45c5b0ac8",
      "description": "invoice 28",
      "purchasedDate": "2026-01-07T21:24:30.486Z",
      "purchasedPrice": 15
    },
    {
      "id": "e0acaf23-ec9b-4d37-9362-3393354bf829",
      "description": "invoice 29",
      "purchasedDate": "2026-01-07T21:24:30.486Z",
      "purchasedPrice": 14
    },
    {
      "id": "28ab7b47-fc26-470f-8c90-51134b2cfb28",
      "description": "invoice 30",
      "purchasedDate": "2026-01-07T21:24:30.486Z",
      "purchasedPrice": 39
    },
    {
      "id": "4ed3489e-33fa-42eb-919d-65c46d6dd36b",
      "description": "invoice 31",
      "purchasedDate": "2026-01-07T21:24:30.486Z",
      "purchasedPrice": 60
    },
    {
      "id": "e0fe22ee-8f9e-4912-99c1-a232517d1fb4",
      "description": "invoice 32",
      "purchasedDate": "2026-01-07T21:24:30.486Z",
      "purchasedPrice": 77
    },
    {
      "id": "e8728cd2-4fa4-4662-8ab0-422ffcd800c9",
      "description": "invoice 33",
      "purchasedDate": "2026-01-07T21:24:30.486Z",
      "purchasedPrice": 64
    },
    {
      "id": "4ff5f72d-4b46-48cf-83b5-3de8434fb4b0",
      "description": "invoice 34",
      "purchasedDate": "2026-01-07T21:24:30.486Z",
      "purchasedPrice": 3
    },
    {
      "id": "234bff3d-5324-4f07-a2b3-3d37b75b1cc2",
      "description": "invoice 35",
      "purchasedDate": "2026-01-07T21:24:30.486Z",
      "purchasedPrice": 6
    },
    {
      "id": "6b59b111-8a31-4f36-9774-e97418c85098",
      "description": "invoice 36",
      "purchasedDate": "2026-01-07T21:24:30.486Z",
      "purchasedPrice": 4
    },
    {
      "id": "f429b6b1-68e1-482a-9b2e-a488117da66c",
      "description": "invoice 37",
      "purchasedDate": "2026-01-07T21:24:30.486Z",
      "purchasedPrice": 33
    },
    {
      "id": "620252d5-36ca-4ff6-b65f-305b0d3127aa",
      "description": "invoice 38",
      "purchasedDate": "2026-01-07T21:24:30.486Z",
      "purchasedPrice": 60
    },
    {
      "id": "cccf668d-29d0-4828-9717-2437e7a5a504",
      "description": "invoice 39",
      "purchasedDate": "2026-01-07T21:24:30.486Z",
      "purchasedPrice": 69
    },
    {
      "id": "85e4df2f-838f-4687-9572-ec2c96e4f605",
      "description": "invoice 40",
      "purchasedDate": "2026-01-07T21:24:30.486Z",
      "purchasedPrice": 24
    },
    {
      "id": "eda61773-9010-45eb-b7d4-c1d0efbf5307",
      "description": "invoice 41",
      "purchasedDate": "2026-01-07T21:24:30.486Z",
      "purchasedPrice": 71
    },
    {
      "id": "0f881a69-3c91-42bf-b0cc-71c8e3cdff43",
      "description": "invoice 42",
      "purchasedDate": "2026-01-07T21:24:30.486Z",
      "purchasedPrice": 43
    },
    {
      "id": "4f6dd230-9c23-469f-9fca-23ecc0f4304b",
      "description": "invoice 43",
      "purchasedDate": "2026-01-07T21:24:30.486Z",
      "purchasedPrice": 69
    },
    {
      "id": "f60c2d42-df90-407e-beda-3d1e322eae09",
      "description": "invoice 44",
      "purchasedDate": "2026-01-07T21:24:30.486Z",
      "purchasedPrice": 85
    },
    {
      "id": "7a3b6aa2-4bc7-4ebb-b183-42909bfbcf7e",
      "description": "invoice 45",
      "purchasedDate": "2026-01-07T21:24:30.486Z",
      "purchasedPrice": 70
    },
    {
      "id": "0e39b530-ba59-4004-80e4-2044d347730e",
      "description": "invoice 46",
      "purchasedDate": "2026-01-07T21:24:30.486Z",
      "purchasedPrice": 60
    },
    {
      "id": "77110506-c1f0-4ac3-a98d-ed00232bdd73",
      "description": "invoice 47",
      "purchasedDate": "2026-01-07T21:24:30.486Z",
      "purchasedPrice": 97
    },
    {
      "id": "dd432a09-6d23-40c9-bf83-59203b7b82ab",
      "description": "invoice 48",
      "purchasedDate": "2026-01-07T21:24:30.486Z",
      "purchasedPrice": 73
    },
    {
      "id": "319012b0-3d48-4828-a636-f18c8fde79e8",
      "description": "invoice 49",
      "purchasedDate": "2026-01-07T21:24:30.486Z",
      "purchasedPrice": 68
    },
    {
      "id": "1379247a-3056-4907-b2d5-2caac52da746",
      "description": "invoice 50",
      "purchasedDate": "2026-01-07T21:24:30.486Z",
      "purchasedPrice": 40
    },
    {
      "id": "e17a0232-b717-4078-884d-6768658f3992",
      "description": "invoice 51",
      "purchasedDate": "2026-01-07T21:24:30.486Z",
      "purchasedPrice": 39
    },
    {
      "id": "dcfcc39d-1eb1-41e3-ae7f-af1c7ef3895f",
      "description": "invoice 52",
      "purchasedDate": "2026-01-07T21:24:30.486Z",
      "purchasedPrice": 6
    },
    {
      "id": "db997b17-1d53-4f4a-a129-b6d9eddb0387",
      "description": "invoice 53",
      "purchasedDate": "2026-01-07T21:24:30.486Z",
      "purchasedPrice": 60
    },
    {
      "id": "a9cd9a46-39ad-4053-a97b-81169c275ede",
      "description": "invoice 54",
      "purchasedDate": "2026-01-07T21:24:30.486Z",
      "purchasedPrice": 0
    },
    {
      "id": "191c121b-021d-4ae9-bd4c-97d40dfe67f3",
      "description": "invoice 55",
      "purchasedDate": "2026-01-07T21:24:30.486Z",
      "purchasedPrice": 12
    },
    {
      "id": "a75febec-0c24-4285-87ee-ea49e481a097",
      "description": "invoice 56",
      "purchasedDate": "2026-01-07T21:24:30.486Z",
      "purchasedPrice": 73
    },
    {
      "id": "266c68a2-9273-40ba-ab1d-3d6d3e7e850e",
      "description": "invoice 57",
      "purchasedDate": "2026-01-07T21:24:30.486Z",
      "purchasedPrice": 81
    },
    {
      "id": "c021ce9a-4a4a-4978-8692-820cc4ace42e",
      "description": "invoice 58",
      "purchasedDate": "2026-01-07T21:24:30.486Z",
      "purchasedPrice": 92
    },
    {
      "id": "c0ba14c5-d25a-4e31-9cd3-12d3afb04ab0",
      "description": "invoice 59",
      "purchasedDate": "2026-01-07T21:24:30.486Z",
      "purchasedPrice": 77
    },
    {
      "id": "61460866-0d5f-4f66-82ae-40e7c8443f0a",
      "description": "invoice 60",
      "purchasedDate": "2026-01-07T21:24:30.486Z",
      "purchasedPrice": 20
    },
    {
      "id": "6ff87ff3-c599-45d5-ad18-a3bb1c8894ae",
      "description": "invoice 61",
      "purchasedDate": "2026-01-07T21:24:30.486Z",
      "purchasedPrice": 6
    },
    {
      "id": "5f44652a-0cca-405e-8eb4-dec967fcc2f9",
      "description": "invoice 62",
      "purchasedDate": "2026-01-07T21:24:30.486Z",
      "purchasedPrice": 87
    },
    {
      "id": "b5f66250-f9e1-43d4-bfdb-2efe9e44cfd4",
      "description": "invoice 63",
      "purchasedDate": "2026-01-07T21:24:30.486Z",
      "purchasedPrice": 3
    },
    {
      "id": "12b416ec-37d9-4d5a-ad08-b4f582bdf6a4",
      "description": "invoice 64",
      "purchasedDate": "2026-01-07T21:24:30.486Z",
      "purchasedPrice": 54
    },
    {
      "id": "a413fb8e-e62c-4a3e-9372-733e7f691bed",
      "description": "invoice 65",
      "purchasedDate": "2026-01-07T21:24:30.486Z",
      "purchasedPrice": 50
    },
    {
      "id": "c6d375d8-7c33-4ed0-85ae-0a48b6b58622",
      "description": "invoice 66",
      "purchasedDate": "2026-01-07T21:24:30.486Z",
      "purchasedPrice": 7
    },
    {
      "id": "df51aa19-5f51-4c65-adc3-eed5afea2eff",
      "description": "invoice 67",
      "purchasedDate": "2026-01-07T21:24:30.486Z",
      "purchasedPrice": 97
    },
    {
      "id": "f0f28574-eee3-4994-81a4-69144e1a0519",
      "description": "invoice 68",
      "purchasedDate": "2026-01-07T21:24:30.486Z",
      "purchasedPrice": 71
    },
    {
      "id": "5112b2fc-8905-460e-839e-ce5b2be140cc",
      "description": "invoice 69",
      "purchasedDate": "2026-01-07T21:24:30.486Z",
      "purchasedPrice": 22
    },
    {
      "id": "35981c49-bce1-4246-a722-951b71dff2d8",
      "description": "invoice 70",
      "purchasedDate": "2026-01-07T21:24:30.486Z",
      "purchasedPrice": 11
    },
    {
      "id": "b8e5306b-6838-4080-a487-fbce3aebc57d",
      "description": "invoice 71",
      "purchasedDate": "2026-01-07T21:24:30.486Z",
      "purchasedPrice": 37
    },
    {
      "id": "51ad8043-4b70-45ff-8799-9cf35e22941f",
      "description": "invoice 72",
      "purchasedDate": "2026-01-07T21:24:30.486Z",
      "purchasedPrice": 44
    },
    {
      "id": "f4de1b80-aeb9-40ec-9221-a248d4155506",
      "description": "invoice 73",
      "purchasedDate": "2026-01-07T21:24:30.486Z",
      "purchasedPrice": 10
    },
    {
      "id": "c1e84b28-f270-4af2-8094-eef5f27d6ba3",
      "description": "invoice 74",
      "purchasedDate": "2026-01-07T21:24:30.486Z",
      "purchasedPrice": 37
    },
    {
      "id": "52be5b78-bd7a-453d-88ea-65e8f66d46af",
      "description": "invoice 75",
      "purchasedDate": "2026-01-07T21:24:30.486Z",
      "purchasedPrice": 67
    },
    {
      "id": "02f8f566-8d9f-4c80-8782-93747d85554a",
      "description": "invoice 76",
      "purchasedDate": "2026-01-07T21:24:30.486Z",
      "purchasedPrice": 14
    },
    {
      "id": "305efa35-3f73-4d4b-8627-f53e0c9685a8",
      "description": "invoice 77",
      "purchasedDate": "2026-01-07T21:24:30.486Z",
      "purchasedPrice": 13
    },
    {
      "id": "83be39f9-6477-4f48-9e23-4257d27418ce",
      "description": "invoice 78",
      "purchasedDate": "2026-01-07T21:24:30.486Z",
      "purchasedPrice": 2
    },
    {
      "id": "ff3bb16f-fee9-4a67-9dfb-5117ea02f004",
      "description": "invoice 79",
      "purchasedDate": "2026-01-07T21:24:30.486Z",
      "purchasedPrice": 55
    },
    {
      "id": "0d03fe5a-9797-4dc1-9ae0-486cb63a0ef7",
      "description": "invoice 80",
      "purchasedDate": "2026-01-07T21:24:30.486Z",
      "purchasedPrice": 51
    },
    {
      "id": "365fb9ab-cf61-4afe-8fd6-6a9f41b32bd6",
      "description": "invoice 81",
      "purchasedDate": "2026-01-07T21:24:30.486Z",
      "purchasedPrice": 3
    },
    {
      "id": "84f4854f-c9a9-47a7-908b-8a6666873a69",
      "description": "invoice 82",
      "purchasedDate": "2026-01-07T21:24:30.486Z",
      "purchasedPrice": 69
    },
    {
      "id": "0db794d9-3be6-4578-a0dc-69c711ac5817",
      "description": "invoice 83",
      "purchasedDate": "2026-01-07T21:24:30.486Z",
      "purchasedPrice": 51
    },
    {
      "id": "8b6cebe5-8a82-4667-8961-309153f9f118",
      "description": "invoice 84",
      "purchasedDate": "2026-01-07T21:24:30.486Z",
      "purchasedPrice": 57
    },
    {
      "id": "52b1c7a9-a8a9-466c-b5bc-c57a8b3afb70",
      "description": "invoice 85",
      "purchasedDate": "2026-01-07T21:24:30.486Z",
      "purchasedPrice": 16
    },
    {
      "id": "888eaad3-c609-48d3-bbf1-7d3033e50731",
      "description": "invoice 86",
      "purchasedDate": "2026-01-07T21:24:30.486Z",
      "purchasedPrice": 25
    },
    {
      "id": "4217b947-6cf2-41dc-b0e8-5ed4575da991",
      "description": "invoice 87",
      "purchasedDate": "2026-01-07T21:24:30.486Z",
      "purchasedPrice": 56
    },
    {
      "id": "3530fc4d-6a41-4e93-8684-b68b08de74a2",
      "description": "invoice 88",
      "purchasedDate": "2026-01-07T21:24:30.486Z",
      "purchasedPrice": 70
    },
    {
      "id": "8ad89341-fbdc-4bab-96b9-bcc139d8b7b6",
      "description": "invoice 89",
      "purchasedDate": "2026-01-07T21:24:30.486Z",
      "purchasedPrice": 74
    },
    {
      "id": "b0d55aa5-4956-4bab-b341-bd9de768b6d6",
      "description": "invoice 90",
      "purchasedDate": "2026-01-07T21:24:30.486Z",
      "purchasedPrice": 68
    },
    {
      "id": "0f6522bb-0ad9-4060-814f-4a07ebcc198c",
      "description": "invoice 91",
      "purchasedDate": "2026-01-07T21:24:30.486Z",
      "purchasedPrice": 56
    },
    {
      "id": "d8f97b0b-4958-4e51-ac43-878a7aa462f9",
      "description": "invoice 92",
      "purchasedDate": "2026-01-07T21:24:30.486Z",
      "purchasedPrice": 44
    },
    {
      "id": "dbb70093-c889-4a41-b7fe-7a5f7976aee7",
      "description": "invoice 93",
      "purchasedDate": "2026-01-07T21:24:30.486Z",
      "purchasedPrice": 35
    },
    {
      "id": "80f733f7-bd73-485e-84c2-5fdea1717e01",
      "description": "invoice 94",
      "purchasedDate": "2026-01-07T21:24:30.486Z",
      "purchasedPrice": 85
    },
    {
      "id": "e4e2f08c-349d-4f9e-8057-df14bcc18c37",
      "description": "invoice 95",
      "purchasedDate": "2026-01-07T21:24:30.486Z",
      "purchasedPrice": 39
    },
    {
      "id": "60b5dd47-ada6-4987-a027-7ed65a26774e",
      "description": "invoice 96",
      "purchasedDate": "2026-01-07T21:24:30.486Z",
      "purchasedPrice": 89
    },
    {
      "id": "fada0a75-8b16-4c5b-872b-1246e2602c6e",
      "description": "invoice 97",
      "purchasedDate": "2026-01-07T21:24:30.486Z",
      "purchasedPrice": 59
    },
    {
      "id": "059938fd-ef2e-47ab-9e2c-f0f5a7a1d304",
      "description": "invoice 98",
      "purchasedDate": "2026-01-07T21:24:30.486Z",
      "purchasedPrice": 7
    },
    {
      "id": "314b8c85-3336-43e2-80cd-b626fd7597f0",
      "description": "invoice 99",
      "purchasedDate": "2026-01-07T21:24:30.486Z",
      "purchasedPrice": 89
    },
    {
      "id": "75f17c09-43a7-48ac-aece-6fe2f70b22e7",
      "description": "invoice 100",
      "purchasedDate": "2026-01-07T21:24:30.486Z",
      "purchasedPrice": 45
    },
    {
      "id": "b2934a6e-9a89-484a-91c0-42d2e23e98cb",
      "description": "invoice 101",
      "purchasedDate": "2026-01-07T21:24:30.486Z",
      "purchasedPrice": 17
    },
    {
      "id": "3fd0bb35-eb89-4715-b021-6a7f704b5824",
      "description": "invoice 102",
      "purchasedDate": "2026-01-07T21:24:30.486Z",
      "purchasedPrice": 40
    },
    {
      "id": "e356b2bb-1908-4b58-946b-18f6460d80b7",
      "description": "invoice 103",
      "purchasedDate": "2026-01-07T21:24:30.486Z",
      "purchasedPrice": 48
    },
    {
      "id": "c4b10e37-39e4-4907-a5bb-b2f9da8924a9",
      "description": "invoice 104",
      "purchasedDate": "2026-01-07T21:24:30.486Z",
      "purchasedPrice": 83
    },
    {
      "id": "bba4649a-51a2-43e3-ba34-f4412f5a482a",
      "description": "invoice 105",
      "purchasedDate": "2026-01-07T21:24:30.486Z",
      "purchasedPrice": 74
    },
    {
      "id": "20edf893-dea0-45b9-8f1c-cd4b061e7795",
      "description": "invoice 106",
      "purchasedDate": "2026-01-07T21:24:30.486Z",
      "purchasedPrice": 3
    },
    {
      "id": "6196699b-bfda-44cb-b52e-dc8495b9a55c",
      "description": "invoice 107",
      "purchasedDate": "2026-01-07T21:24:30.486Z",
      "purchasedPrice": 45
    },
    {
      "id": "f8a5231e-6fa4-4286-b2ca-528ac7ba6be5",
      "description": "invoice 108",
      "purchasedDate": "2026-01-07T21:24:30.486Z",
      "purchasedPrice": 10
    },
    {
      "id": "8a4f4455-33c5-4669-8463-5fbd9234ec1d",
      "description": "invoice 109",
      "purchasedDate": "2026-01-07T21:24:30.486Z",
      "purchasedPrice": 50
    },
    {
      "id": "40cedd58-8887-4162-9bc8-c1be8cfcd01f",
      "description": "invoice 110",
      "purchasedDate": "2026-01-07T21:24:30.486Z",
      "purchasedPrice": 35
    },
    {
      "id": "9a49004d-08c6-408b-a682-987d725c5905",
      "description": "invoice 111",
      "purchasedDate": "2026-01-07T21:24:30.486Z",
      "purchasedPrice": 52
    },
    {
      "id": "d2b38265-0cba-455c-b8c3-2edf43a56a42",
      "description": "invoice 112",
      "purchasedDate": "2026-01-07T21:24:30.486Z",
      "purchasedPrice": 22
    },
    {
      "id": "dc9c15bf-6550-4be3-8b3a-ec48b1fa70a6",
      "description": "invoice 113",
      "purchasedDate": "2026-01-07T21:24:30.486Z",
      "purchasedPrice": 82
    },
    {
      "id": "2c34c709-2810-49e3-881b-bcd1a6378fab",
      "description": "invoice 114",
      "purchasedDate": "2026-01-07T21:24:30.486Z",
      "purchasedPrice": 55
    },
    {
      "id": "5bbb8b52-6298-4ff5-82ba-16569cfba104",
      "description": "invoice 115",
      "purchasedDate": "2026-01-07T21:24:30.486Z",
      "purchasedPrice": 97
    },
    {
      "id": "2f1c8a2c-ce28-44be-a583-03e92f2cad18",
      "description": "invoice 116",
      "purchasedDate": "2026-01-07T21:24:30.486Z",
      "purchasedPrice": 8
    },
    {
      "id": "7570de15-13cc-412b-acf6-14053df8857e",
      "description": "invoice 117",
      "purchasedDate": "2026-01-07T21:24:30.486Z",
      "purchasedPrice": 63
    },
    {
      "id": "1a597184-f331-4c37-ab63-afe5bcb7251c",
      "description": "invoice 118",
      "purchasedDate": "2026-01-07T21:24:30.486Z",
      "purchasedPrice": 35
    },
    {
      "id": "01a46f05-b6e7-468e-924d-5872ee7a5074",
      "description": "invoice 119",
      "purchasedDate": "2026-01-07T21:24:30.486Z",
      "purchasedPrice": 96
    },
    {
      "id": "7f71b00e-b5f0-4260-a24a-04cc7b695b2b",
      "description": "invoice 120",
      "purchasedDate": "2026-01-07T21:24:30.486Z",
      "purchasedPrice": 79
    },
    {
      "id": "f6db63dd-2f3f-4c0f-9c45-af6b05653fea",
      "description": "invoice 121",
      "purchasedDate": "2026-01-07T21:24:30.486Z",
      "purchasedPrice": 43
    },
    {
      "id": "fd710be3-108c-4ac3-b017-7a6c7dec0f84",
      "description": "invoice 122",
      "purchasedDate": "2026-01-07T21:24:30.486Z",
      "purchasedPrice": 87
    },
    {
      "id": "97c046d6-3b56-4ba1-ae1d-9896414cb10e",
      "description": "invoice 123",
      "purchasedDate": "2026-01-07T21:24:30.486Z",
      "purchasedPrice": 89
    },
    {
      "id": "08cc8647-d4fc-486a-b383-366361762ef1",
      "description": "invoice 124",
      "purchasedDate": "2026-01-07T21:24:30.486Z",
      "purchasedPrice": 70
    },
    {
      "id": "eea32958-9673-42c9-b543-55d1aff1b1ad",
      "description": "invoice 125",
      "purchasedDate": "2026-01-07T21:24:30.486Z",
      "purchasedPrice": 44
    },
    {
      "id": "349f9d08-3443-4491-89d9-cc3ebec4ce6c",
      "description": "invoice 126",
      "purchasedDate": "2026-01-07T21:24:30.486Z",
      "purchasedPrice": 1
    },
    {
      "id": "15c8f061-a259-457a-9921-700296f76866",
      "description": "invoice 127",
      "purchasedDate": "2026-01-07T21:24:30.486Z",
      "purchasedPrice": 45
    },
    {
      "id": "055b91c3-d85d-4ec7-ba67-8a10178e0c18",
      "description": "invoice 128",
      "purchasedDate": "2026-01-07T21:24:30.486Z",
      "purchasedPrice": 70
    },
    {
      "id": "c4d54be1-9017-4d40-b1db-6229b9e2fe36",
      "description": "invoice 129",
      "purchasedDate": "2026-01-07T21:24:30.486Z",
      "purchasedPrice": 73
    },
    {
      "id": "5ad6cd86-7fee-4e6c-906a-fe2d15e3d1ca",
      "description": "invoice 130",
      "purchasedDate": "2026-01-07T21:24:30.486Z",
      "purchasedPrice": 87
    },
    {
      "id": "c30e91aa-55f8-40ba-8a7c-e2532a96e850",
      "description": "invoice 131",
      "purchasedDate": "2026-01-07T21:24:30.486Z",
      "purchasedPrice": 2
    },
    {
      "id": "8e7267f8-4a02-47ab-b71d-512283181ff5",
      "description": "invoice 132",
      "purchasedDate": "2026-01-07T21:24:30.486Z",
      "purchasedPrice": 75
    },
    {
      "id": "6e06f38e-cee3-4092-94f9-e50fbe2dba11",
      "description": "invoice 133",
      "purchasedDate": "2026-01-07T21:24:30.486Z",
      "purchasedPrice": 3
    },
    {
      "id": "aad0b136-d71e-48b3-8f6c-dcc06cdb7f08",
      "description": "invoice 134",
      "purchasedDate": "2026-01-07T21:24:30.486Z",
      "purchasedPrice": 52
    },
    {
      "id": "7a06c960-3bed-4f3e-b6f4-efb2213a37f8",
      "description": "invoice 135",
      "purchasedDate": "2026-01-07T21:24:30.486Z",
      "purchasedPrice": 92
    },
    {
      "id": "d6dbcb40-03ba-4fe7-98f2-bbb936ab551f",
      "description": "invoice 136",
      "purchasedDate": "2026-01-07T21:24:30.486Z",
      "purchasedPrice": 38
    },
    {
      "id": "587324ca-197d-45f7-9037-3af901404552",
      "description": "invoice 137",
      "purchasedDate": "2026-01-07T21:24:30.486Z",
      "purchasedPrice": 74
    },
    {
      "id": "666ab376-b5d2-43b5-bd57-261bdad1aa37",
      "description": "invoice 138",
      "purchasedDate": "2026-01-07T21:24:30.486Z",
      "purchasedPrice": 43
    },
    {
      "id": "3f8baced-5156-47aa-bbfd-8c0e3e3bf04c",
      "description": "invoice 139",
      "purchasedDate": "2026-01-07T21:24:30.486Z",
      "purchasedPrice": 37
    },
    {
      "id": "37a14acf-99b5-457f-84e4-f7e9142f767c",
      "description": "invoice 140",
      "purchasedDate": "2026-01-07T21:24:30.486Z",
      "purchasedPrice": 28
    },
    {
      "id": "a3aa0da2-3210-44df-a94c-03af8ebb1750",
      "description": "invoice 141",
      "purchasedDate": "2026-01-07T21:24:30.486Z",
      "purchasedPrice": 14
    },
    {
      "id": "be1d33f4-b72d-475e-bf79-9b6ae5816eee",
      "description": "invoice 142",
      "purchasedDate": "2026-01-07T21:24:30.486Z",
      "purchasedPrice": 27
    },
    {
      "id": "7c4042a5-c4d7-43cb-b138-5e8c90c0e83c",
      "description": "invoice 143",
      "purchasedDate": "2026-01-07T21:24:30.486Z",
      "purchasedPrice": 52
    },
    {
      "id": "6281cb3b-fb79-4e4f-8f2a-01cb7ddce3d6",
      "description": "invoice 144",
      "purchasedDate": "2026-01-07T21:24:30.486Z",
      "purchasedPrice": 40
    },
    {
      "id": "ad97dc05-1c14-47ae-a516-d5c3e1124cb9",
      "description": "invoice 145",
      "purchasedDate": "2026-01-07T21:24:30.486Z",
      "purchasedPrice": 82
    },
    {
      "id": "7825a04a-81eb-4df7-be8a-7e1048450a8b",
      "description": "invoice 146",
      "purchasedDate": "2026-01-07T21:24:30.486Z",
      "purchasedPrice": 29
    },
    {
      "id": "2e44885d-e4f2-4339-8f01-f19e106c138b",
      "description": "invoice 147",
      "purchasedDate": "2026-01-07T21:24:30.486Z",
      "purchasedPrice": 72
    },
    {
      "id": "cd63af9e-0520-4f7d-934a-13aaa1d44c7e",
      "description": "invoice 148",
      "purchasedDate": "2026-01-07T21:24:30.486Z",
      "purchasedPrice": 65
    },
    {
      "id": "aacbc7e6-7dc1-4e0b-8eb8-eab19270a376",
      "description": "invoice 149",
      "purchasedDate": "2026-01-07T21:24:30.486Z",
      "purchasedPrice": 6
    },
    {
      "id": "2530b3c0-52fc-42ed-a5e3-562e1d7eb20a",
      "description": "invoice 150",
      "purchasedDate": "2026-01-07T21:24:30.486Z",
      "purchasedPrice": 73
    },
    {
      "id": "afb99d9a-c026-438c-ac14-6899396efdf6",
      "description": "invoice 151",
      "purchasedDate": "2026-01-07T21:24:30.486Z",
      "purchasedPrice": 14
    },
    {
      "id": "aa43f432-b364-4e4c-b203-1af04544e554",
      "description": "invoice 152",
      "purchasedDate": "2026-01-07T21:24:30.486Z",
      "purchasedPrice": 66
    },
    {
      "id": "9a660e30-baa8-4b5b-86e5-925e6cb3382e",
      "description": "invoice 153",
      "purchasedDate": "2026-01-07T21:24:30.486Z",
      "purchasedPrice": 62
    },
    {
      "id": "09837c16-ff01-456c-816c-3a0017fc6d49",
      "description": "invoice 154",
      "purchasedDate": "2026-01-07T21:24:30.486Z",
      "purchasedPrice": 30
    },
    {
      "id": "d3884681-6dd9-4ee7-baee-46330c9e21bc",
      "description": "invoice 155",
      "purchasedDate": "2026-01-07T21:24:30.486Z",
      "purchasedPrice": 25
    },
    {
      "id": "0279fc84-461a-4f92-919a-b52fe554dcc1",
      "description": "invoice 156",
      "purchasedDate": "2026-01-07T21:24:30.486Z",
      "purchasedPrice": 53
    },
    {
      "id": "8bd2d038-240a-48c4-a560-5693bf14b14b",
      "description": "invoice 157",
      "purchasedDate": "2026-01-07T21:24:30.486Z",
      "purchasedPrice": 59
    },
    {
      "id": "5ff15a80-f0fc-45c0-a591-0d19e0944502",
      "description": "invoice 158",
      "purchasedDate": "2026-01-07T21:24:30.486Z",
      "purchasedPrice": 50
    },
    {
      "id": "4c4f7f7a-1fd2-43a2-ba47-1a3700ff34f6",
      "description": "invoice 159",
      "purchasedDate": "2026-01-07T21:24:30.486Z",
      "purchasedPrice": 29
    },
    {
      "id": "3978e1c4-db75-43f5-9d06-f8aa12295db0",
      "description": "invoice 160",
      "purchasedDate": "2026-01-07T21:24:30.486Z",
      "purchasedPrice": 13
    },
    {
      "id": "51561e5d-ac02-44e4-b3dd-243556dac72d",
      "description": "invoice 161",
      "purchasedDate": "2026-01-07T21:24:30.486Z",
      "purchasedPrice": 43
    },
    {
      "id": "1cee9e36-c5a8-45e6-8f51-ee18313db992",
      "description": "invoice 162",
      "purchasedDate": "2026-01-07T21:24:30.486Z",
      "purchasedPrice": 47
    },
    {
      "id": "b55c3f81-1aa9-4732-be1e-df958fb1e29f",
      "description": "invoice 163",
      "purchasedDate": "2026-01-07T21:24:30.486Z",
      "purchasedPrice": 59
    },
    {
      "id": "e221f715-a6d4-4912-a369-b1ae6a9ee467",
      "description": "invoice 164",
      "purchasedDate": "2026-01-07T21:24:30.486Z",
      "purchasedPrice": 30
    },
    {
      "id": "73f64c46-4418-4e4d-ab16-783f48e2f80e",
      "description": "invoice 165",
      "purchasedDate": "2026-01-07T21:24:30.486Z",
      "purchasedPrice": 95
    },
    {
      "id": "91772f68-6e49-405e-ab0a-e23e4d393bd4",
      "description": "invoice 166",
      "purchasedDate": "2026-01-07T21:24:30.486Z",
      "purchasedPrice": 93
    },
    {
      "id": "f0ab892b-1638-4bf6-bb70-2fd05b998a0a",
      "description": "invoice 167",
      "purchasedDate": "2026-01-07T21:24:30.486Z",
      "purchasedPrice": 85
    },
    {
      "id": "f547f264-4a68-4cdc-9700-852381a19f8d",
      "description": "invoice 168",
      "purchasedDate": "2026-01-07T21:24:30.486Z",
      "purchasedPrice": 17
    },
    {
      "id": "fe3fad4c-5741-427f-a6b8-7b4787d36ab9",
      "description": "invoice 169",
      "purchasedDate": "2026-01-07T21:24:30.486Z",
      "purchasedPrice": 82
    },
    {
      "id": "b05c2237-d9db-4a34-91c7-16f81c99bde1",
      "description": "invoice 170",
      "purchasedDate": "2026-01-07T21:24:30.486Z",
      "purchasedPrice": 10
    },
    {
      "id": "1be9697d-0376-4945-a1a4-b434dbae3481",
      "description": "invoice 171",
      "purchasedDate": "2026-01-07T21:24:30.486Z",
      "purchasedPrice": 92
    },
    {
      "id": "b60a35a2-e57c-4237-a9ca-da214c463593",
      "description": "invoice 172",
      "purchasedDate": "2026-01-07T21:24:30.486Z",
      "purchasedPrice": 0
    },
    {
      "id": "185e799a-9a0a-4d8f-945b-ae98045d09d8",
      "description": "invoice 173",
      "purchasedDate": "2026-01-07T21:24:30.486Z",
      "purchasedPrice": 80
    },
    {
      "id": "93045fc0-62ff-4e53-81f1-10aca5febe71",
      "description": "invoice 174",
      "purchasedDate": "2026-01-07T21:24:30.486Z",
      "purchasedPrice": 73
    },
    {
      "id": "414c5461-757e-4f87-a7ae-d9f49de4919d",
      "description": "invoice 175",
      "purchasedDate": "2026-01-07T21:24:30.486Z",
      "purchasedPrice": 58
    },
    {
      "id": "4a623681-5a3c-4d53-8f65-c73244c82c82",
      "description": "invoice 176",
      "purchasedDate": "2026-01-07T21:24:30.486Z",
      "purchasedPrice": 14
    },
    {
      "id": "2414f43b-6ec0-4a71-a5f3-0d697df78f07",
      "description": "invoice 177",
      "purchasedDate": "2026-01-07T21:24:30.486Z",
      "purchasedPrice": 67
    },
    {
      "id": "5ae37b8a-c63b-4913-8262-cc805f5f3482",
      "description": "invoice 178",
      "purchasedDate": "2026-01-07T21:24:30.486Z",
      "purchasedPrice": 37
    },
    {
      "id": "3ae13e05-6be9-4100-97d9-fe370e26e483",
      "description": "invoice 179",
      "purchasedDate": "2026-01-07T21:24:30.486Z",
      "purchasedPrice": 47
    },
    {
      "id": "51b40d6f-1f9a-4fbf-a2be-9c1a7684e828",
      "description": "invoice 180",
      "purchasedDate": "2026-01-07T21:24:30.486Z",
      "purchasedPrice": 58
    },
    {
      "id": "497060bb-f42d-4aa5-b519-fec8cdd1d005",
      "description": "invoice 181",
      "purchasedDate": "2026-01-07T21:24:30.486Z",
      "purchasedPrice": 45
    },
    {
      "id": "505910aa-4bc6-4781-8972-c6c47750f8b3",
      "description": "invoice 182",
      "purchasedDate": "2026-01-07T21:24:30.486Z",
      "purchasedPrice": 7
    },
    {
      "id": "b249b542-e4ac-427d-bd2b-253367936ac5",
      "description": "invoice 183",
      "purchasedDate": "2026-01-07T21:24:30.486Z",
      "purchasedPrice": 88
    },
    {
      "id": "733e06d9-8da6-4a7c-bd7e-a60e0f5a63b7",
      "description": "invoice 184",
      "purchasedDate": "2026-01-07T21:24:30.486Z",
      "purchasedPrice": 88
    },
    {
      "id": "61d33b01-a9d0-47fe-9bb2-f19674939834",
      "description": "invoice 185",
      "purchasedDate": "2026-01-07T21:24:30.486Z",
      "purchasedPrice": 42
    },
    {
      "id": "75ced730-89b9-4624-ba83-97976f61bc79",
      "description": "invoice 186",
      "purchasedDate": "2026-01-07T21:24:30.486Z",
      "purchasedPrice": 10
    },
    {
      "id": "cc11da2f-3db8-476e-b09e-e5d11b48638c",
      "description": "invoice 187",
      "purchasedDate": "2026-01-07T21:24:30.486Z",
      "purchasedPrice": 7
    },
    {
      "id": "4058c3e4-bc59-40c5-985b-ac4e6cb384a2",
      "description": "invoice 188",
      "purchasedDate": "2026-01-07T21:24:30.486Z",
      "purchasedPrice": 33
    },
    {
      "id": "f355914d-ca6e-4bd7-91aa-67435c666be2",
      "description": "invoice 189",
      "purchasedDate": "2026-01-07T21:24:30.486Z",
      "purchasedPrice": 75
    },
    {
      "id": "d0199102-1c0f-4608-b982-e563ded843a0",
      "description": "invoice 190",
      "purchasedDate": "2026-01-07T21:24:30.486Z",
      "purchasedPrice": 39
    },
    {
      "id": "e416383c-14fa-47c5-abcc-852ac8957141",
      "description": "invoice 191",
      "purchasedDate": "2026-01-07T21:24:30.486Z",
      "purchasedPrice": 30
    },
    {
      "id": "5ee5b12a-b3e1-45ed-a651-de946e5647b0",
      "description": "invoice 192",
      "purchasedDate": "2026-01-07T21:24:30.486Z",
      "purchasedPrice": 22
    },
    {
      "id": "e2981dc6-e66a-4f1d-83b4-a5148a950cab",
      "description": "invoice 193",
      "purchasedDate": "2026-01-07T21:24:30.486Z",
      "purchasedPrice": 31
    },
    {
      "id": "361b7653-64d6-437d-856a-5567001e9a3d",
      "description": "invoice 194",
      "purchasedDate": "2026-01-07T21:24:30.486Z",
      "purchasedPrice": 45
    },
    {
      "id": "6334ca75-2202-4871-8b5b-ab0d28db2333",
      "description": "invoice 195",
      "purchasedDate": "2026-01-07T21:24:30.486Z",
      "purchasedPrice": 80
    },
    {
      "id": "4caba29f-fada-45ee-bf3c-8ef444f4bd1b",
      "description": "invoice 196",
      "purchasedDate": "2026-01-07T21:24:30.486Z",
      "purchasedPrice": 66
    },
    {
      "id": "6b8de162-74b0-41b1-bda8-95767a017ead",
      "description": "invoice 197",
      "purchasedDate": "2026-01-07T21:24:30.486Z",
      "purchasedPrice": 56
    },
    {
      "id": "95b92c92-1da2-4ad0-9ce4-dc05f50ce8d9",
      "description": "invoice 198",
      "purchasedDate": "2026-01-07T21:24:30.486Z",
      "purchasedPrice": 42
    },
    {
      "id": "0ed346dc-dbbf-43eb-9b35-a4ca26cf58f2",
      "description": "invoice 199",
      "purchasedDate": "2026-01-07T21:24:30.486Z",
      "purchasedPrice": 21
    },
    {
      "id": "70cf4035-595c-4d0c-96a3-4caa1991a413",
      "description": "invoice 200",
      "purchasedDate": "2026-01-07T21:24:30.486Z",
      "purchasedPrice": 4
    },
    {
      "id": "c300c642-e9df-4f2a-b5f6-071e20ba1e2c",
      "description": "invoice 201",
      "purchasedDate": "2026-01-07T21:24:30.486Z",
      "purchasedPrice": 44
    },
    {
      "id": "432757a4-f0fe-44e0-aedd-7639e2f510f9",
      "description": "invoice 202",
      "purchasedDate": "2026-01-07T21:24:30.486Z",
      "purchasedPrice": 54
    },
    {
      "id": "3890152a-1ede-4f05-8d07-20fa6f0276e4",
      "description": "invoice 203",
      "purchasedDate": "2026-01-07T21:24:30.486Z",
      "purchasedPrice": 35
    },
    {
      "id": "ac7441e4-c46c-4b07-aeb5-ab12c20303be",
      "description": "invoice 204",
      "purchasedDate": "2026-01-07T21:24:30.486Z",
      "purchasedPrice": 17
    },
    {
      "id": "d35c6153-fd33-4d53-b238-3f6661192a15",
      "description": "invoice 205",
      "purchasedDate": "2026-01-07T21:24:30.486Z",
      "purchasedPrice": 42
    },
    {
      "id": "c5a19fca-bd00-45b2-b920-4d0d83c213c7",
      "description": "invoice 206",
      "purchasedDate": "2026-01-07T21:24:30.486Z",
      "purchasedPrice": 26
    },
    {
      "id": "145e09d6-32f5-4bbf-8917-6fb2ec1dcf0f",
      "description": "invoice 207",
      "purchasedDate": "2026-01-07T21:24:30.486Z",
      "purchasedPrice": 50
    },
    {
      "id": "586cf225-9c1f-4aa2-9b04-15af89d15a44",
      "description": "invoice 208",
      "purchasedDate": "2026-01-07T21:24:30.486Z",
      "purchasedPrice": 1
    },
    {
      "id": "62480b93-2969-454a-a3d1-f15ab91bcccb",
      "description": "invoice 209",
      "purchasedDate": "2026-01-07T21:24:30.486Z",
      "purchasedPrice": 73
    },
    {
      "id": "b20f9bbf-9e10-45a8-960a-676bdf57dbf4",
      "description": "invoice 210",
      "purchasedDate": "2026-01-07T21:24:30.486Z",
      "purchasedPrice": 10
    },
    {
      "id": "50c5193f-8401-4dc6-9e2c-25e907b532cb",
      "description": "invoice 211",
      "purchasedDate": "2026-01-07T21:24:30.486Z",
      "purchasedPrice": 63
    },
    {
      "id": "f098bf56-4245-441b-af9e-8fada7fe2d2e",
      "description": "invoice 212",
      "purchasedDate": "2026-01-07T21:24:30.486Z",
      "purchasedPrice": 89
    },
    {
      "id": "1622542b-8077-4289-b56e-2e0a2a716877",
      "description": "invoice 213",
      "purchasedDate": "2026-01-07T21:24:30.486Z",
      "purchasedPrice": 31
    },
    {
      "id": "eb4f75d3-ad53-431b-a6ee-043e3a2ed8ff",
      "description": "invoice 214",
      "purchasedDate": "2026-01-07T21:24:30.486Z",
      "purchasedPrice": 79
    },
    {
      "id": "87480c6b-b6e7-4a3a-a9ba-bb156f66d6da",
      "description": "invoice 215",
      "purchasedDate": "2026-01-07T21:24:30.486Z",
      "purchasedPrice": 97
    },
    {
      "id": "3916c969-691a-469a-9108-cdf49a2c0680",
      "description": "invoice 216",
      "purchasedDate": "2026-01-07T21:24:30.486Z",
      "purchasedPrice": 57
    },
    {
      "id": "3f443142-392a-49fb-8063-feb87da4321e",
      "description": "invoice 217",
      "purchasedDate": "2026-01-07T21:24:30.486Z",
      "purchasedPrice": 32
    },
    {
      "id": "2ada4ecc-c027-4ea7-9949-6a94b595b6b3",
      "description": "invoice 218",
      "purchasedDate": "2026-01-07T21:24:30.486Z",
      "purchasedPrice": 71
    },
    {
      "id": "17f53821-56df-45fe-8214-96c394c597ad",
      "description": "invoice 219",
      "purchasedDate": "2026-01-07T21:24:30.486Z",
      "purchasedPrice": 40
    },
    {
      "id": "7587be5d-55b1-4ca1-802c-21fa88841e62",
      "description": "invoice 220",
      "purchasedDate": "2026-01-07T21:24:30.486Z",
      "purchasedPrice": 20
    },
    {
      "id": "a1bdef79-7aa5-4732-acbc-9f8c0ae0df88",
      "description": "invoice 221",
      "purchasedDate": "2026-01-07T21:24:30.486Z",
      "purchasedPrice": 96
    },
    {
      "id": "63deb8ad-bc56-4217-828e-c7c9f0b15c50",
      "description": "invoice 222",
      "purchasedDate": "2026-01-07T21:24:30.486Z",
      "purchasedPrice": 69
    },
    {
      "id": "56253f92-6b85-4cb3-85b1-0c1ec7fbf096",
      "description": "invoice 223",
      "purchasedDate": "2026-01-07T21:24:30.486Z",
      "purchasedPrice": 69
    },
    {
      "id": "ff8cb51d-4ab7-4cbf-b72e-4767c8593119",
      "description": "invoice 224",
      "purchasedDate": "2026-01-07T21:24:30.486Z",
      "purchasedPrice": 83
    },
    {
      "id": "c867bca9-99ec-4fad-a5f7-cfe210780913",
      "description": "invoice 225",
      "purchasedDate": "2026-01-07T21:24:30.486Z",
      "purchasedPrice": 54
    },
    {
      "id": "b72b4a25-4c9b-4c65-8d33-29659b32a3c7",
      "description": "invoice 226",
      "purchasedDate": "2026-01-07T21:24:30.486Z",
      "purchasedPrice": 45
    },
    {
      "id": "7d127ac1-04f5-4515-8149-4f89ecb32c2d",
      "description": "invoice 227",
      "purchasedDate": "2026-01-07T21:24:30.486Z",
      "purchasedPrice": 48
    },
    {
      "id": "9b5d2b83-b1bb-4e9e-92ad-335d65e83e23",
      "description": "invoice 228",
      "purchasedDate": "2026-01-07T21:24:30.486Z",
      "purchasedPrice": 62
    },
    {
      "id": "1feff2a5-bd40-4dfc-ba6f-d61a7dffa414",
      "description": "invoice 229",
      "purchasedDate": "2026-01-07T21:24:30.486Z",
      "purchasedPrice": 93
    },
    {
      "id": "a33041dc-8b0d-45f1-9ae6-d13f3da4ac7d",
      "description": "invoice 230",
      "purchasedDate": "2026-01-07T21:24:30.486Z",
      "purchasedPrice": 67
    },
    {
      "id": "bbca7d32-3dc3-46c9-9405-13e8c1e229b3",
      "description": "invoice 231",
      "purchasedDate": "2026-01-07T21:24:30.486Z",
      "purchasedPrice": 48
    },
    {
      "id": "02998453-c452-4127-8fbb-15e50ab1fd94",
      "description": "invoice 232",
      "purchasedDate": "2026-01-07T21:24:30.486Z",
      "purchasedPrice": 33
    },
    {
      "id": "dcb5ac50-1326-4ea7-83d9-adb6518c5f7a",
      "description": "invoice 233",
      "purchasedDate": "2026-01-07T21:24:30.486Z",
      "purchasedPrice": 68
    },
    {
      "id": "ba9d3ce7-7daf-415e-b25c-59a674b42c20",
      "description": "invoice 234",
      "purchasedDate": "2026-01-07T21:24:30.486Z",
      "purchasedPrice": 25
    },
    {
      "id": "72f30bc5-0077-492f-b394-029879027668",
      "description": "invoice 235",
      "purchasedDate": "2026-01-07T21:24:30.486Z",
      "purchasedPrice": 67
    },
    {
      "id": "fa3550ff-0b44-40ce-bd45-a0a53980bf04",
      "description": "invoice 236",
      "purchasedDate": "2026-01-07T21:24:30.486Z",
      "purchasedPrice": 29
    },
    {
      "id": "5b361127-b0d4-4ca2-9cc3-f0b1b15df103",
      "description": "invoice 237",
      "purchasedDate": "2026-01-07T21:24:30.486Z",
      "purchasedPrice": 12
    },
    {
      "id": "545ce1eb-b353-4313-90b9-154ae0777734",
      "description": "invoice 238",
      "purchasedDate": "2026-01-07T21:24:30.486Z",
      "purchasedPrice": 17
    },
    {
      "id": "6586764f-a495-4fed-898c-e5586528e912",
      "description": "invoice 239",
      "purchasedDate": "2026-01-07T21:24:30.486Z",
      "purchasedPrice": 53
    },
    {
      "id": "2e40ff5a-42ae-42a1-9efb-00af5bab694e",
      "description": "invoice 240",
      "purchasedDate": "2026-01-07T21:24:30.486Z",
      "purchasedPrice": 4
    },
    {
      "id": "19846d43-0a49-4817-8953-c72a65c1cf2b",
      "description": "invoice 241",
      "purchasedDate": "2026-01-07T21:24:30.486Z",
      "purchasedPrice": 76
    },
    {
      "id": "21ba172f-35c9-41b6-aa34-5f967deb52c6",
      "description": "invoice 242",
      "purchasedDate": "2026-01-07T21:24:30.486Z",
      "purchasedPrice": 41
    },
    {
      "id": "07f6ca1b-4bd7-4895-8f2c-e1840b2c9c55",
      "description": "invoice 243",
      "purchasedDate": "2026-01-07T21:24:30.486Z",
      "purchasedPrice": 53
    },
    {
      "id": "7132870a-d6bb-4f2f-bbda-0c031d356e77",
      "description": "invoice 244",
      "purchasedDate": "2026-01-07T21:24:30.486Z",
      "purchasedPrice": 32
    },
    {
      "id": "e26faf2a-d784-495b-ad86-431c17dc6083",
      "description": "invoice 245",
      "purchasedDate": "2026-01-07T21:24:30.486Z",
      "purchasedPrice": 50
    },
    {
      "id": "4a0fbc26-2b45-4b91-a0f3-176f5684b952",
      "description": "invoice 246",
      "purchasedDate": "2026-01-07T21:24:30.486Z",
      "purchasedPrice": 70
    },
    {
      "id": "d765f278-0a8c-4259-b6d6-1c2f30c51111",
      "description": "invoice 247",
      "purchasedDate": "2026-01-07T21:24:30.486Z",
      "purchasedPrice": 2
    },
    {
      "id": "d7d8c538-dfab-4608-b7d4-3ffefe79fdc4",
      "description": "invoice 248",
      "purchasedDate": "2026-01-07T21:24:30.486Z",
      "purchasedPrice": 82
    },
    {
      "id": "b3fa603d-bed7-4f17-bf59-80ff88a15208",
      "description": "invoice 249",
      "purchasedDate": "2026-01-07T21:24:30.486Z",
      "purchasedPrice": 36
    }
  ],
  "customers": [
    {
      "id": "e2430ecc-c87b-4861-b2a3-46187c75d46c",
      "name": "customer0",
      "createdDate": "2026-01-07T21:24:30.486Z",
      "invoiceIDs": [
        "5342ad2a-5172-4558-a13a-9cefd76ea314",
        "67149005-b099-4e68-9d4d-8086e2af593f",
        "848d4000-73e4-466d-aec3-e5d28bb73ba8",
        "ed9f08b1-2e48-4b38-ade9-e1a30c45da07",
        "75f63935-fd87-42ec-8c39-8bc19d5efb6d",
        "ebf16bd7-9ddb-46ef-879a-14f0414575f9",
        "00f5e6ee-ed63-454e-8aee-72272c8b6e09",
        "ec59b69a-e5b0-488d-ab59-e8651dcd2351",
        "1b315ccb-79ca-4cdc-b442-a071791e51f9",
        "b512dddb-870e-49fb-ad8b-3ee66eddecd9"
      ]
    },
    {
      "id": "bfecbf61-5e2f-4989-af73-d0c54978d722",
      "name": "customer1",
      "createdDate": "2026-01-07T21:24:30.486Z",
      "invoiceIDs": [
        "ea1aa482-7118-44b7-b895-c207ae7f8305",
        "132b0e1d-354b-4d44-99be-790208253c02",
        "d3473b0b-8df4-4b94-a828-a9388770e3e0",
        "8977e4d5-e65a-464b-af0d-95d3cc80b44d",
        "67389020-7560-4f20-908b-08fa8942f1a2",
        "cbe329db-a44a-4abd-b687-ce521629ae97",
        "8e728ffb-0264-4715-82e4-b1abb61d6762",
        "c7c1af00-a428-40b2-a9d3-1f72e72c3afe",
        "1fefd5b1-b67f-4c92-aa44-d3c1f7c663f2",
        "db789550-c2ed-48c5-a6f7-da5b48f07530"
      ]
    },
    {
      "id": "4cce0130-0e87-460b-876b-0045e9e3165e",
      "name": "customer2",
      "createdDate": "2026-01-07T21:24:30.486Z",
      "invoiceIDs": [
        "41f1fc2f-e7d2-42c0-bfd4-5ccfd3b5ae2a",
        "06f867a9-e92e-4c08-a64c-239a43adfa0f",
        "2e991959-c50a-4af2-94b9-b065e4b3ff30",
        "a76d9b93-8949-436b-9bfa-a65327365e80",
        "8f8b9965-0a52-4147-9e97-2a438afd4102",
        "0b2dec13-e416-4e9c-929a-bb2f3ba23c1d",
        "d8887653-8bfe-4fdd-8ce4-fdfbba143924",
        "6be14a55-bc3c-4b64-be7e-74172b54338f",
        "c39f7683-e022-432f-85df-b8f45c5b0ac8",
        "e0acaf23-ec9b-4d37-9362-3393354bf829"
      ]
    },
    {
      "id": "3cd36b61-d3ea-476e-8984-5ca3739bc035",
      "name": "customer3",
      "createdDate": "2026-01-07T21:24:30.486Z",
      "invoiceIDs": [
        "28ab7b47-fc26-470f-8c90-51134b2cfb28",
        "4ed3489e-33fa-42eb-919d-65c46d6dd36b",
        "e0fe22ee-8f9e-4912-99c1-a232517d1fb4",
        "e8728cd2-4fa4-4662-8ab0-422ffcd800c9",
        "4ff5f72d-4b46-48cf-83b5-3de8434fb4b0",
        "234bff3d-5324-4f07-a2b3-3d37b75b1cc2",
        "6b59b111-8a31-4f36-9774-e97418c85098",
        "f429b6b1-68e1-482a-9b2e-a488117da66c",
        "620252d5-36ca-4ff6-b65f-305b0d3127aa",
        "cccf668d-29d0-4828-9717-2437e7a5a504"
      ]
    },
    {
      "id": "1fc38374-0200-4967-b936-757d04d9a67a",
      "name": "customer4",
      "createdDate": "2026-01-07T21:24:30.486Z",
      "invoiceIDs": [
        "85e4df2f-838f-4687-9572-ec2c96e4f605",
        "eda61773-9010-45eb-b7d4-c1d0efbf5307",
        "0f881a69-3c91-42bf-b0cc-71c8e3cdff43",
        "4f6dd230-9c23-469f-9fca-23ecc0f4304b",
        "f60c2d42-df90-407e-beda-3d1e322eae09",
        "7a3b6aa2-4bc7-4ebb-b183-42909bfbcf7e",
        "0e39b530-ba59-4004-80e4-2044d347730e",
        "77110506-c1f0-4ac3-a98d-ed00232bdd73",
        "dd432a09-6d23-40c9-bf83-59203b7b82ab",
        "319012b0-3d48-4828-a636-f18c8fde79e8"
      ]
    },
    {
      "id": "626f516b-1a40-4d10-b3ee-a65734f4c086",
      "name": "customer5",
      "createdDate": "2026-01-07T21:24:30.486Z",
      "invoiceIDs": [
        "1379247a-3056-4907-b2d5-2caac52da746",
        "e17a0232-b717-4078-884d-6768658f3992",
        "dcfcc39d-1eb1-41e3-ae7f-af1c7ef3895f",
        "db997b17-1d53-4f4a-a129-b6d9eddb0387",
        "a9cd9a46-39ad-4053-a97b-81169c275ede",
        "191c121b-021d-4ae9-bd4c-97d40dfe67f3",
        "a75febec-0c24-4285-87ee-ea49e481a097",
        "266c68a2-9273-40ba-ab1d-3d6d3e7e850e",
        "c021ce9a-4a4a-4978-8692-820cc4ace42e",
        "c0ba14c5-d25a-4e31-9cd3-12d3afb04ab0"
      ]
    },
    {
      "id": "c8cc5e9d-5177-4c51-abdb-ae786b9d0e47",
      "name": "customer6",
      "createdDate": "2026-01-07T21:24:30.486Z",
      "invoiceIDs": [
        "61460866-0d5f-4f66-82ae-40e7c8443f0a",
        "6ff87ff3-c599-45d5-ad18-a3bb1c8894ae",
        "5f44652a-0cca-405e-8eb4-dec967fcc2f9",
        "b5f66250-f9e1-43d4-bfdb-2efe9e44cfd4",
        "12b416ec-37d9-4d5a-ad08-b4f582bdf6a4",
        "a413fb8e-e62c-4a3e-9372-733e7f691bed",
        "c6d375d8-7c33-4ed0-85ae-0a48b6b58622",
        "df51aa19-5f51-4c65-adc3-eed5afea2eff",
        "f0f28574-eee3-4994-81a4-69144e1a0519",
        "5112b2fc-8905-460e-839e-ce5b2be140cc"
      ]
    },
    {
      "id": "f17808bf-8441-468c-94c1-24263323977b",
      "name": "customer7",
      "createdDate": "2026-01-07T21:24:30.486Z",
      "invoiceIDs": [
        "35981c49-bce1-4246-a722-951b71dff2d8",
        "b8e5306b-6838-4080-a487-fbce3aebc57d",
        "51ad8043-4b70-45ff-8799-9cf35e22941f",
        "f4de1b80-aeb9-40ec-9221-a248d4155506",
        "c1e84b28-f270-4af2-8094-eef5f27d6ba3",
        "52be5b78-bd7a-453d-88ea-65e8f66d46af",
        "02f8f566-8d9f-4c80-8782-93747d85554a",
        "305efa35-3f73-4d4b-8627-f53e0c9685a8",
        "83be39f9-6477-4f48-9e23-4257d27418ce",
        "ff3bb16f-fee9-4a67-9dfb-5117ea02f004"
      ]
    },
    {
      "id": "275bbb46-11de-4555-bc48-75043f720bd2",
      "name": "customer8",
      "createdDate": "2026-01-07T21:24:30.486Z",
      "invoiceIDs": [
        "0d03fe5a-9797-4dc1-9ae0-486cb63a0ef7",
        "365fb9ab-cf61-4afe-8fd6-6a9f41b32bd6",
        "84f4854f-c9a9-47a7-908b-8a6666873a69",
        "0db794d9-3be6-4578-a0dc-69c711ac5817",
        "8b6cebe5-8a82-4667-8961-309153f9f118",
        "52b1c7a9-a8a9-466c-b5bc-c57a8b3afb70",
        "888eaad3-c609-48d3-bbf1-7d3033e50731",
        "4217b947-6cf2-41dc-b0e8-5ed4575da991",
        "3530fc4d-6a41-4e93-8684-b68b08de74a2",
        "8ad89341-fbdc-4bab-96b9-bcc139d8b7b6"
      ]
    },
    {
      "id": "1076aab0-0c34-480e-9ec9-3fcb85cb4885",
      "name": "customer9",
      "createdDate": "2026-01-07T21:24:30.486Z",
      "invoiceIDs": [
        "b0d55aa5-4956-4bab-b341-bd9de768b6d6",
        "0f6522bb-0ad9-4060-814f-4a07ebcc198c",
        "d8f97b0b-4958-4e51-ac43-878a7aa462f9",
        "dbb70093-c889-4a41-b7fe-7a5f7976aee7",
        "80f733f7-bd73-485e-84c2-5fdea1717e01",
        "e4e2f08c-349d-4f9e-8057-df14bcc18c37",
        "60b5dd47-ada6-4987-a027-7ed65a26774e",
        "fada0a75-8b16-4c5b-872b-1246e2602c6e",
        "059938fd-ef2e-47ab-9e2c-f0f5a7a1d304",
        "314b8c85-3336-43e2-80cd-b626fd7597f0"
      ]
    },
    {
      "id": "68a02172-b25d-400d-85f4-2e40239e97ea",
      "name": "customer10",
      "createdDate": "2026-01-07T21:24:30.486Z",
      "invoiceIDs": [
        "75f17c09-43a7-48ac-aece-6fe2f70b22e7",
        "b2934a6e-9a89-484a-91c0-42d2e23e98cb",
        "3fd0bb35-eb89-4715-b021-6a7f704b5824",
        "e356b2bb-1908-4b58-946b-18f6460d80b7",
        "c4b10e37-39e4-4907-a5bb-b2f9da8924a9",
        "bba4649a-51a2-43e3-ba34-f4412f5a482a",
        "20edf893-dea0-45b9-8f1c-cd4b061e7795",
        "6196699b-bfda-44cb-b52e-dc8495b9a55c",
        "f8a5231e-6fa4-4286-b2ca-528ac7ba6be5",
        "8a4f4455-33c5-4669-8463-5fbd9234ec1d"
      ]
    },
    {
      "id": "a2191469-b70b-46d7-b133-1a6abad85072",
      "name": "customer11",
      "createdDate": "2026-01-07T21:24:30.486Z",
      "invoiceIDs": [
        "40cedd58-8887-4162-9bc8-c1be8cfcd01f",
        "9a49004d-08c6-408b-a682-987d725c5905",
        "d2b38265-0cba-455c-b8c3-2edf43a56a42",
        "dc9c15bf-6550-4be3-8b3a-ec48b1fa70a6",
        "2c34c709-2810-49e3-881b-bcd1a6378fab",
        "5bbb8b52-6298-4ff5-82ba-16569cfba104",
        "2f1c8a2c-ce28-44be-a583-03e92f2cad18",
        "7570de15-13cc-412b-acf6-14053df8857e",
        "1a597184-f331-4c37-ab63-afe5bcb7251c",
        "01a46f05-b6e7-468e-924d-5872ee7a5074"
      ]
    },
    {
      "id": "c441a5cc-9db8-4d3d-818b-727774f35eff",
      "name": "customer12",
      "createdDate": "2026-01-07T21:24:30.486Z",
      "invoiceIDs": [
        "7f71b00e-b5f0-4260-a24a-04cc7b695b2b",
        "f6db63dd-2f3f-4c0f-9c45-af6b05653fea",
        "fd710be3-108c-4ac3-b017-7a6c7dec0f84",
        "97c046d6-3b56-4ba1-ae1d-9896414cb10e",
        "08cc8647-d4fc-486a-b383-366361762ef1",
        "eea32958-9673-42c9-b543-55d1aff1b1ad",
        "349f9d08-3443-4491-89d9-cc3ebec4ce6c",
        "15c8f061-a259-457a-9921-700296f76866",
        "055b91c3-d85d-4ec7-ba67-8a10178e0c18",
        "c4d54be1-9017-4d40-b1db-6229b9e2fe36"
      ]
    },
    {
      "id": "68cb4bd8-59b3-4648-b8d9-ea1556df0a29",
      "name": "customer13",
      "createdDate": "2026-01-07T21:24:30.486Z",
      "invoiceIDs": [
        "5ad6cd86-7fee-4e6c-906a-fe2d15e3d1ca",
        "c30e91aa-55f8-40ba-8a7c-e2532a96e850",
        "8e7267f8-4a02-47ab-b71d-512283181ff5",
        "6e06f38e-cee3-4092-94f9-e50fbe2dba11",
        "aad0b136-d71e-48b3-8f6c-dcc06cdb7f08",
        "7a06c960-3bed-4f3e-b6f4-efb2213a37f8",
        "d6dbcb40-03ba-4fe7-98f2-bbb936ab551f",
        "587324ca-197d-45f7-9037-3af901404552",
        "666ab376-b5d2-43b5-bd57-261bdad1aa37",
        "3f8baced-5156-47aa-bbfd-8c0e3e3bf04c"
      ]
    },
    {
      "id": "993c4015-ba74-4ba7-99de-74740610debc",
      "name": "customer14",
      "createdDate": "2026-01-07T21:24:30.486Z",
      "invoiceIDs": [
        "37a14acf-99b5-457f-84e4-f7e9142f767c",
        "a3aa0da2-3210-44df-a94c-03af8ebb1750",
        "be1d33f4-b72d-475e-bf79-9b6ae5816eee",
        "7c4042a5-c4d7-43cb-b138-5e8c90c0e83c",
        "6281cb3b-fb79-4e4f-8f2a-01cb7ddce3d6",
        "ad97dc05-1c14-47ae-a516-d5c3e1124cb9",
        "7825a04a-81eb-4df7-be8a-7e1048450a8b",
        "2e44885d-e4f2-4339-8f01-f19e106c138b",
        "cd63af9e-0520-4f7d-934a-13aaa1d44c7e",
        "aacbc7e6-7dc1-4e0b-8eb8-eab19270a376"
      ]
    },
    {
      "id": "21bf8d9d-1207-4a9f-8926-92407f081a96",
      "name": "customer15",
      "createdDate": "2026-01-07T21:24:30.486Z",
      "invoiceIDs": [
        "2530b3c0-52fc-42ed-a5e3-562e1d7eb20a",
        "afb99d9a-c026-438c-ac14-6899396efdf6",
        "aa43f432-b364-4e4c-b203-1af04544e554",
        "9a660e30-baa8-4b5b-86e5-925e6cb3382e",
        "09837c16-ff01-456c-816c-3a0017fc6d49",
        "d3884681-6dd9-4ee7-baee-46330c9e21bc",
        "0279fc84-461a-4f92-919a-b52fe554dcc1",
        "8bd2d038-240a-48c4-a560-5693bf14b14b",
        "5ff15a80-f0fc-45c0-a591-0d19e0944502",
        "4c4f7f7a-1fd2-43a2-ba47-1a3700ff34f6"
      ]
    },
    {
      "id": "0fea628a-e457-4306-b09f-e1be702d767c",
      "name": "customer16",
      "createdDate": "2026-01-07T21:24:30.486Z",
      "invoiceIDs": [
        "3978e1c4-db75-43f5-9d06-f8aa12295db0",
        "51561e5d-ac02-44e4-b3dd-243556dac72d",
        "1cee9e36-c5a8-45e6-8f51-ee18313db992",
        "b55c3f81-1aa9-4732-be1e-df958fb1e29f",
        "e221f715-a6d4-4912-a369-b1ae6a9ee467",
        "73f64c46-4418-4e4d-ab16-783f48e2f80e",
        "91772f68-6e49-405e-ab0a-e23e4d393bd4",
        "f0ab892b-1638-4bf6-bb70-2fd05b998a0a",
        "f547f264-4a68-4cdc-9700-852381a19f8d",
        "fe3fad4c-5741-427f-a6b8-7b4787d36ab9"
      ]
    },
    {
      "id": "93d0b5e3-835d-4ac2-879b-2595a82172ce",
      "name": "customer17",
      "createdDate": "2026-01-07T21:24:30.486Z",
      "invoiceIDs": [
        "b05c2237-d9db-4a34-91c7-16f81c99bde1",
        "1be9697d-0376-4945-a1a4-b434dbae3481",
        "b60a35a2-e57c-4237-a9ca-da214c463593",
        "185e799a-9a0a-4d8f-945b-ae98045d09d8",
        "93045fc0-62ff-4e53-81f1-10aca5febe71",
        "414c5461-757e-4f87-a7ae-d9f49de4919d",
        "4a623681-5a3c-4d53-8f65-c73244c82c82",
        "2414f43b-6ec0-4a71-a5f3-0d697df78f07",
        "5ae37b8a-c63b-4913-8262-cc805f5f3482",
        "3ae13e05-6be9-4100-97d9-fe370e26e483"
      ]
    },
    {
      "id": "170a1efe-afb8-488c-a0bd-756504571c30",
      "name": "customer18",
      "createdDate": "2026-01-07T21:24:30.486Z",
      "invoiceIDs": [
        "51b40d6f-1f9a-4fbf-a2be-9c1a7684e828",
        "497060bb-f42d-4aa5-b519-fec8cdd1d005",
        "505910aa-4bc6-4781-8972-c6c47750f8b3",
        "b249b542-e4ac-427d-bd2b-253367936ac5",
        "733e06d9-8da6-4a7c-bd7e-a60e0f5a63b7",
        "61d33b01-a9d0-47fe-9bb2-f19674939834",
        "75ced730-89b9-4624-ba83-97976f61bc79",
        "cc11da2f-3db8-476e-b09e-e5d11b48638c",
        "4058c3e4-bc59-40c5-985b-ac4e6cb384a2",
        "f355914d-ca6e-4bd7-91aa-67435c666be2"
      ]
    },
    {
      "id": "cbeacb6b-aea7-4810-aaf9-de99aeee96c4",
      "name": "customer19",
      "createdDate": "2026-01-07T21:24:30.486Z",
      "invoiceIDs": [
        "d0199102-1c0f-4608-b982-e563ded843a0",
        "e416383c-14fa-47c5-abcc-852ac8957141",
        "5ee5b12a-b3e1-45ed-a651-de946e5647b0",
        "e2981dc6-e66a-4f1d-83b4-a5148a950cab",
        "361b7653-64d6-437d-856a-5567001e9a3d",
        "6334ca75-2202-4871-8b5b-ab0d28db2333",
        "4caba29f-fada-45ee-bf3c-8ef444f4bd1b",
        "6b8de162-74b0-41b1-bda8-95767a017ead",
        "95b92c92-1da2-4ad0-9ce4-dc05f50ce8d9",
        "0ed346dc-dbbf-43eb-9b35-a4ca26cf58f2"
      ]
    },
    {
      "id": "88e1b572-7b1a-4851-99aa-aad3266d1b2d",
      "name": "customer20",
      "createdDate": "2026-01-07T21:24:30.486Z",
      "invoiceIDs": [
        "70cf4035-595c-4d0c-96a3-4caa1991a413",
        "c300c642-e9df-4f2a-b5f6-071e20ba1e2c",
        "432757a4-f0fe-44e0-aedd-7639e2f510f9",
        "3890152a-1ede-4f05-8d07-20fa6f0276e4",
        "ac7441e4-c46c-4b07-aeb5-ab12c20303be",
        "d35c6153-fd33-4d53-b238-3f6661192a15",
        "c5a19fca-bd00-45b2-b920-4d0d83c213c7",
        "145e09d6-32f5-4bbf-8917-6fb2ec1dcf0f",
        "586cf225-9c1f-4aa2-9b04-15af89d15a44",
        "62480b93-2969-454a-a3d1-f15ab91bcccb"
      ]
    },
    {
      "id": "bbfc52c1-1fae-40ed-9771-23f8080a61a2",
      "name": "customer21",
      "createdDate": "2026-01-07T21:24:30.486Z",
      "invoiceIDs": [
        "b20f9bbf-9e10-45a8-960a-676bdf57dbf4",
        "50c5193f-8401-4dc6-9e2c-25e907b532cb",
        "f098bf56-4245-441b-af9e-8fada7fe2d2e",
        "1622542b-8077-4289-b56e-2e0a2a716877",
        "eb4f75d3-ad53-431b-a6ee-043e3a2ed8ff",
        "87480c6b-b6e7-4a3a-a9ba-bb156f66d6da",
        "3916c969-691a-469a-9108-cdf49a2c0680",
        "3f443142-392a-49fb-8063-feb87da4321e",
        "2ada4ecc-c027-4ea7-9949-6a94b595b6b3",
        "17f53821-56df-45fe-8214-96c394c597ad"
      ]
    },
    {
      "id": "fe472190-dacf-4afc-99e2-234db7b9a3f5",
      "name": "customer22",
      "createdDate": "2026-01-07T21:24:30.486Z",
      "invoiceIDs": [
        "7587be5d-55b1-4ca1-802c-21fa88841e62",
        "a1bdef79-7aa5-4732-acbc-9f8c0ae0df88",
        "63deb8ad-bc56-4217-828e-c7c9f0b15c50",
        "56253f92-6b85-4cb3-85b1-0c1ec7fbf096",
        "ff8cb51d-4ab7-4cbf-b72e-4767c8593119",
        "c867bca9-99ec-4fad-a5f7-cfe210780913",
        "b72b4a25-4c9b-4c65-8d33-29659b32a3c7",
        "7d127ac1-04f5-4515-8149-4f89ecb32c2d",
        "9b5d2b83-b1bb-4e9e-92ad-335d65e83e23",
        "1feff2a5-bd40-4dfc-ba6f-d61a7dffa414"
      ]
    },
    {
      "id": "5da8e6ac-6415-4063-979d-650ffbb659f6",
      "name": "customer23",
      "createdDate": "2026-01-07T21:24:30.486Z",
      "invoiceIDs": [
        "a33041dc-8b0d-45f1-9ae6-d13f3da4ac7d",
        "bbca7d32-3dc3-46c9-9405-13e8c1e229b3",
        "02998453-c452-4127-8fbb-15e50ab1fd94",
        "dcb5ac50-1326-4ea7-83d9-adb6518c5f7a",
        "ba9d3ce7-7daf-415e-b25c-59a674b42c20",
        "72f30bc5-0077-492f-b394-029879027668",
        "fa3550ff-0b44-40ce-bd45-a0a53980bf04",
        "5b361127-b0d4-4ca2-9cc3-f0b1b15df103",
        "545ce1eb-b353-4313-90b9-154ae0777734",
        "6586764f-a495-4fed-898c-e5586528e912"
      ]
    },
    {
      "id": "138d2d6e-7eb8-4802-b82f-ef2ae8cafb33",
      "name": "customer24",
      "createdDate": "2026-01-07T21:24:30.487Z",
      "invoiceIDs": [
        "2e40ff5a-42ae-42a1-9efb-00af5bab694e",
        "19846d43-0a49-4817-8953-c72a65c1cf2b",
        "21ba172f-35c9-41b6-aa34-5f967deb52c6",
        "07f6ca1b-4bd7-4895-8f2c-e1840b2c9c55",
        "7132870a-d6bb-4f2f-bbda-0c031d356e77",
        "e26faf2a-d784-495b-ad86-431c17dc6083",
        "4a0fbc26-2b45-4b91-a0f3-176f5684b952",
        "d765f278-0a8c-4259-b6d6-1c2f30c51111",
        "d7d8c538-dfab-4608-b7d4-3ffefe79fdc4",
        "b3fa603d-bed7-4f17-bf59-80ff88a15208"
      ]
    }
  ]
}