{
  "users": [
    {
      "id": "2d67ca75-fa43-4e1d-b08e-ee0a49f84442",
      "username": "user0",
      "password": "user0"
    },
    {
      "id": "60c738e1-b844-4494-ae1b-cbdc408d6729",
      "username": "user1",
      "password": "user1"
    }
  ],
  "accounts": [
    {
      "id": "441e9e2f-034d-4cd7-b71d-b2d5236cf306",
      "name": "account0",
      "description": "description 0.8317746027786742",
      "customerIDs": [
        "d3174873-51d7-4ef7-8a70-0ee3c8af6073",
        "2de9f974-10fc-43f5-882d-2dc68ebe432d",
        "06418f5b-bbe3-464c-bef1-b620758627dd",
        "b6476a6f-1737-4578-923d-fb1e64c799a6",
        "11d51caa-c8bc-456a-8043-8e0dcfa10347"
      ],
      "ownedBy": "2d67ca75-fa43-4e1d-b08e-ee0a49f84442"
    },
    {
      "id": "c7344e37-c9e5-4d6a-84e9-d09307d1b22c",
      "name": "account1",
      "description": "description 0.8176178189759047",
      "customerIDs": [
        "9e89ff1b-adda-4da7-913f-02af73f63138",
        "528c781f-a3da-4291-8a2e-22eb7b0c0770",
        "b5863e95-4809-4d2b-ae83-97032ac93d68",
        "6fb336b9-62c6-4b04-bc94-41855fbbee9b",
        "e7dcef85-74b2-4a2f-a8de-248e2e6722cb"
      ],
      "ownedBy": "60c738e1-b844-4494-ae1b-cbdc408d6729"
    },
    {
      "id": "4aa4cced-b27c-4835-8ea0-52cda26e6d60",
      "name": "account2",
      "description": "description 0.2790067499518728",
      "customerIDs": [
        "b1ea67cc-c722-4b2a-a861-3d8aa76c757d",
        "f4b4e7a1-9214-4596-ac32-da48010b9489",
        "bae42802-58f1-4099-8368-3a2202401508",
        "8c0f003b-8c3d-4963-a232-0602dd365c30",
        "606cd558-9d43-4792-baf2-a54d95509b44"
      ],
      "ownedBy": "60c738e1-b844-4494-ae1b-cbdc408d6729"
    },
    {
      "id": "5e5ad606-4c4f-40a7-a1da-ff3e61e60d7a",
      "name": "account3",
      "description": "description 0.48803095601330115",
      "customerIDs": [
        "90349fc4-363a-447b-823d-4274397c80a3",
        "865512e2-0eb7-4dda-86f6-8a58d3146548",
        "3afa0431-ebf2-48bc-91a6-20ba704b12a0",
        "d75dae7f-f832-4b80-ac0b-34e2603dd0b2",
        "0fc3098b-3834-477b-a386-362e517f1722"
      ],
      "ownedBy": "2d67ca75-fa43-4e1d-b08e-ee0a49f84442"
    },
    {
      "id": "1ed2beeb-bea2-4a9f-9608-879e51b4d1a3",
      "name": "account4",
      "description": "description 0.9470220502698778",
      "customerIDs": [
        "c403e3ab-0de6-4238-93bc-3c6f82356b2c",
        "974401d6-e627-45c4-ba43-82416bdee553",
        "d4064a25-0574-4beb-a60b-77ad08862fa1",
        "ae50a4d0-d42e-459a-988f-88809cd6f471",
        "475c92f1-7f80-4eb4-b1fa-235755999eca"
      ],
      "ownedBy": "2d67ca75-fa43-4e1d-b08e-ee0a49f84442"
    }
  ],
  "invoices": [
    {
      "id": "9b9ce16b-979e-4984-8416-54e41bba6d3b",
      "description": "invoice 0",
      "purchasedDate": "2026-01-07T17:16:16.124Z",
      "purchasedPrice": 45
    },
    {
      "id": "3b7cd76d-4036-4862-b52a-c68aded7fa7c",
      "description": "invoice 1",
      "purchasedDate": "2026-01-07T17:16:16.124Z",
      "purchasedPrice": 6
    },
    {
      "id": "86404e6b-1832-4196-953d-2f185f386f82",
      "description": "invoice 2",
      "purchasedDate": "2026-01-07T17:16:16.124Z",
      "purchasedPrice": 0
    },
    {
      "id": "5ff2a820-19a4-4109-95e1-d9686e35bff0",
      "description": "invoice 3",
      "purchasedDate": "2026-01-07T17:16:16.124Z",
      "purchasedPrice": 55
    },
    {
      "id": "65332e3c-eb43-49b3-9ec6-a2f4bf3cb207",
      "description": "invoice 4",
      "purchasedDate": "2026-01-07T17:16:16.124Z",
      "purchasedPrice": 66
    },
    {
      "id": "5cdeff40-73d9-4d5b-b651-40cc9fd8662b",
      "description": "invoice 5",
      "purchasedDate": "2026-01-07T17:16:16.124Z",
      "purchasedPrice": 1
    },
    {
      "id": "9915a783-42ab-40fe-a5f2-a9b6e72e974b",
      "description": "invoice 6",
      "purchasedDate": "2026-01-07T17:16:16.124Z",
      "purchasedPrice": 17
    },
    {
      "id": "38dcb6d4-06b1-49f7-b98d-bc0cec53e640",
      "description": "invoice 7",
      "purchasedDate": "2026-01-07T17:16:16.124Z",
      "purchasedPrice": 76
    },
    {
      "id": "457ac7c0-7caf-40da-9ca0-74bea894620d",
      "description": "invoice 8",
      "purchasedDate": "2026-01-07T17:16:16.124Z",
      "purchasedPrice": 5
    },
    {
      "id": "2b1abb40-d641-4db0-9c6e-74eb3f5032e0",
      "description": "invoice 9",
      "purchasedDate": "2026-01-07T17:16:16.124Z",
      "purchasedPrice": 69
    },
    {
      "id": "75a3a1bb-8c0b-4280-b1b7-7aef3db1048f",
      "description": "invoice 10",
      "purchasedDate": "2026-01-07T17:16:16.124Z",
      "purchasedPrice": 20
    },
    {
      "id": "f37cf4bd-b9bf-42f9-93fb-5319eb426579",
      "description": "invoice 11",
      "purchasedDate": "2026-01-07T17:16:16.124Z",
      "purchasedPrice": 32
    },
    {
      "id": "df49589a-e3f5-40f6-8aa7-aca3af5c8427",
      "description": "invoice 12",
      "purchasedDate": "2026-01-07T17:16:16.124Z",
      "purchasedPrice": 22
    },
    {
      "id": "e0036786-b84c-4696-a233-9e5b65a22dd8",
      "description": "invoice 13",
      "purchasedDate": "2026-01-07T17:16:16.124Z",
      "purchasedPrice": 71
    },
    {
      "id": "4c6fbc59-a0c5-4f9b-84d5-64dfb3b3b555",
      "description": "invoice 14",
      "purchasedDate": "2026-01-07T17:16:16.124Z",
      "purchasedPrice": 98
    },
    {
      "id": "6311ac41-5dbb-4fe2-913b-59a9c5bcdbc0",
      "description": "invoice 15",
      "purchasedDate": "2026-01-07T17:16:16.124Z",
      "purchasedPrice": 18
    },
    {
      "id": "fa47a797-f88d-4b34-8e7c-e98f7b4cd570",
      "description": "invoice 16",
      "purchasedDate": "2026-01-07T17:16:16.124Z",
      "purchasedPrice": 7
    },
    {
      "id": "328eef25-0c4c-414f-ac11-cbc7d1424ffd",
      "description": "invoice 17",
      "purchasedDate": "2026-01-07T17:16:16.124Z",
      "purchasedPrice": 15
    },
    {
      "id": "2b41aca6-6b90-447a-b8bc-ea4f5ac4830f",
      "description": "invoice 18",
      "purchasedDate": "2026-01-07T17:16:16.124Z",
      "purchasedPrice": 26
    },
    {
      "id": "24236e0e-08f0-4063-a015-04db2b247ef3",
      "description": "invoice 19",
      "purchasedDate": "2026-01-07T17:16:16.124Z",
      "purchasedPrice": 59
    },
    {
      "id": "3c32bbc3-1d98-4147-9717-a4602e36a18f",
      "description": "invoice 20",
      "purchasedDate": "2026-01-07T17:16:16.124Z",
      "purchasedPrice": 58
    },
    {
      "id": "909dc3ff-6496-4055-bbf4-1c7a40de4910",
      "description": "invoice 21",
      "purchasedDate": "2026-01-07T17:16:16.124Z",
      "purchasedPrice": 22
    },
    {
      "id": "2b4f77ba-8f66-453b-9b57-593a58bda883",
      "description": "invoice 22",
      "purchasedDate": "2026-01-07T17:16:16.124Z",
      "purchasedPrice": 71
    },
    {
      "id": "d985756e-8d6f-43af-8aad-0eb7c715ba98",
      "description": "invoice 23",
      "purchasedDate": "2026-01-07T17:16:16.124Z",
      "purchasedPrice": 54
    },
    {
      "id": "a7e67dc4-a39b-46e3-98fb-a473dafd900c",
      "description": "invoice 24",
      "purchasedDate": "2026-01-07T17:16:16.124Z",
      "purchasedPrice": 80
    },
    {
      "id": "74c5594d-630f-453a-93f8-0d08199d48a9",
      "description": "invoice 25",
      "purchasedDate": "2026-01-07T17:16:16.124Z",
      "purchasedPrice": 29
    },
    {
      "id": "9a00d590-0e0c-44d4-b7f5-5d3a4d167326",
      "description": "invoice 26",
      "purchasedDate": "2026-01-07T17:16:16.124Z",
      "purchasedPrice": 9
    },
    {
      "id": "738cc2df-7478-40f0-96ab-95daf0cf48a5",
      "description": "invoice 27",
      "purchasedDate": "2026-01-07T17:16:16.124Z",
      "purchasedPrice": 74
    },
    {
      "id": "fe8b8476-ee71-4f87-a03f-c4a56d08cf2e",
      "description": "invoice 28",
      "purchasedDate": "2026-01-07T17:16:16.124Z",
      "purchasedPrice": 80
    },
    {
      "id": "5073967b-e271-4ca5-8007-8af545b8be7d",
      "description": "invoice 29",
      "purchasedDate": "2026-01-07T17:16:16.124Z",
      "purchasedPrice": 33
    },
    {
      "id": "0dedd165-1b03-445a-9234-c6c2b990f557",
      "description": "invoice 30",
      "purchasedDate": "2026-01-07T17:16:16.124Z",
      "purchasedPrice": 17
    },
    {
      "id": "5cbdc06c-bd07-4a1c-882a-e4d7b686b994",
      "description": "invoice 31",
      "purchasedDate": "2026-01-07T17:16:16.124Z",
      "purchasedPrice": 23
    },
    {
      "id": "ae7adc75-5329-412a-9adc-695277cecf81",
      "description": "invoice 32",
      "purchasedDate": "2026-01-07T17:16:16.124Z",
      "purchasedPrice": 98
    },
    {
      "id": "6eaccada-3374-4bb2-932c-954cb378ec52",
      "description": "invoice 33",
      "purchasedDate": "2026-01-07T17:16:16.124Z",
      "purchasedPrice": 14
    },
    {
      "id": "071a9bc3-1d5a-4853-ba93-e862fd4e45c8",
      "description": "invoice 34",
      "purchasedDate": "2026-01-07T17:16:16.124Z",
      "purchasedPrice": 89
    },
    {
      "id": "879492c3-bc40-4261-ba6a-e478795bfc3f",
      "description": "invoice 35",
      "purchasedDate": "2026-01-07T17:16:16.124Z",
      "purchasedPrice": 95
    },
    {
      "id": "b2f73d0c-432c-414b-a935-b938ee7fdb4a",
      "description": "invoice 36",
      "purchasedDate": "2026-01-07T17:16:16.124Z",
      "purchasedPrice": 54
    },
    {
      "id": "d6b5eb84-48b8-4fe8-be04-e179909ca0af",
      "description": "invoice 37",
      "purchasedDate": "2026-01-07T17:16:16.124Z",
      "purchasedPrice": 7
    },
    {
      "id": "8aca9d32-dac1-45ae-b29a-3913cc80228b",
      "description": "invoice 38",
      "purchasedDate": "2026-01-07T17:16:16.124Z",
      "purchasedPrice": 85
    },
    {
      "id": "2bf871c7-3d42-4092-9026-06e58533ab78",
      "description": "invoice 39",
      "purchasedDate": "2026-01-07T17:16:16.124Z",
      "purchasedPrice": 26
    },
    {
      "id": "f618314c-68fa-4da0-b79c-68318d25c8eb",
      "description": "invoice 40",
      "purchasedDate": "2026-01-07T17:16:16.124Z",
      "purchasedPrice": 74
    },
    {
      "id": "bd36f9c7-51e9-401b-8186-60da5fcc8af9",
      "description": "invoice 41",
      "purchasedDate": "2026-01-07T17:16:16.124Z",
      "purchasedPrice": 73
    },
    {
      "id": "48c95efb-83d7-4256-a09f-06d4b9f5f1ee",
      "description": "invoice 42",
      "purchasedDate": "2026-01-07T17:16:16.124Z",
      "purchasedPrice": 36
    },
    {
      "id": "728c287b-c2aa-4efc-afe9-480e3564cecd",
      "description": "invoice 43",
      "purchasedDate": "2026-01-07T17:16:16.124Z",
      "purchasedPrice": 7
    },
    {
      "id": "cecc8aa8-2431-4516-a818-e14db0ad4e17",
      "description": "invoice 44",
      "purchasedDate": "2026-01-07T17:16:16.124Z",
      "purchasedPrice": 58
    },
    {
      "id": "8876aaff-6d78-45a7-b517-685392fbb5fb",
      "description": "invoice 45",
      "purchasedDate": "2026-01-07T17:16:16.124Z",
      "purchasedPrice": 21
    },
    {
      "id": "5380b129-d4d1-46e6-9617-873f19b72306",
      "description": "invoice 46",
      "purchasedDate": "2026-01-07T17:16:16.124Z",
      "purchasedPrice": 46
    },
    {
      "id": "5c4d10ea-fc02-4062-8ffd-03cbd8bb7935",
      "description": "invoice 47",
      "purchasedDate": "2026-01-07T17:16:16.124Z",
      "purchasedPrice": 68
    },
    {
      "id": "81dd514a-cf13-454d-b5cc-b4103f6c3b8e",
      "description": "invoice 48",
      "purchasedDate": "2026-01-07T17:16:16.124Z",
      "purchasedPrice": 61
    },
    {
      "id": "203ab4ea-9a85-4667-a680-0a065eb9a5b1",
      "description": "invoice 49",
      "purchasedDate": "2026-01-07T17:16:16.124Z",
      "purchasedPrice": 52
    },
    {
      "id": "c5c385b6-63d2-4c9b-84ae-626468730620",
      "description": "invoice 50",
      "purchasedDate": "2026-01-07T17:16:16.124Z",
      "purchasedPrice": 72
    },
    {
      "id": "b66c7edb-a37d-4f0c-bb7e-69e039ff5715",
      "description": "invoice 51",
      "purchasedDate": "2026-01-07T17:16:16.124Z",
      "purchasedPrice": 17
    },
    {
      "id": "c9564845-ed3e-4825-b8b1-61c887241b8a",
      "description": "invoice 52",
      "purchasedDate": "2026-01-07T17:16:16.124Z",
      "purchasedPrice": 38
    },
    {
      "id": "8da66980-7936-4904-93d2-8ef31cb0b7db",
      "description": "invoice 53",
      "purchasedDate": "2026-01-07T17:16:16.124Z",
      "purchasedPrice": 63
    },
    {
      "id": "a3ba13f0-a8e7-4d94-b80e-1d4d038cee55",
      "description": "invoice 54",
      "purchasedDate": "2026-01-07T17:16:16.124Z",
      "purchasedPrice": 86
    },
    {
      "id": "06c97dea-fc52-4d97-9ff8-be385b02e457",
      "description": "invoice 55",
      "purchasedDate": "2026-01-07T17:16:16.124Z",
      "purchasedPrice": 0
    },
    {
      "id": "b8681ab8-8d62-415c-b8b1-14ef5eb81c94",
      "description": "invoice 56",
      "purchasedDate": "2026-01-07T17:16:16.124Z",
      "purchasedPrice": 13
    },
    {
      "id": "b872981b-2e9f-4c2e-a417-c2e9f36058ee",
      "description": "invoice 57",
      "purchasedDate": "2026-01-07T17:16:16.124Z",
      "purchasedPrice": 37
    },
    {
      "id": "9e2d4ad0-d029-44c6-903c-c278bf60b754",
      "description": "invoice 58",
      "purchasedDate": "2026-01-07T17:16:16.124Z",
      "purchasedPrice": 48
    },
    {
      "id": "1c7fcf6c-cb16-4baf-8e2f-4187b9b2491f",
      "description": "invoice 59",
      "purchasedDate": "2026-01-07T17:16:16.124Z",
      "purchasedPrice": 79
    },
    {
      "id": "4476b612-5948-440b-a238-cae89c336efc",
      "description": "invoice 60",
      "purchasedDate": "2026-01-07T17:16:16.124Z",
      "purchasedPrice": 2
    },
    {
      "id": "890dcf72-6a3f-4b5d-b8bf-3ab4fb497bb6",
      "description": "invoice 61",
      "purchasedDate": "2026-01-07T17:16:16.124Z",
      "purchasedPrice": 69
    },
    {
      "id": "f74009fd-f45b-4e49-a0a7-d6e772d3d56f",
      "description": "invoice 62",
      "purchasedDate": "2026-01-07T17:16:16.124Z",
      "purchasedPrice": 94
    },
    {
      "id": "fd16dc34-9dbe-4d11-8627-86028e0eefe6",
      "description": "invoice 63",
      "purchasedDate": "2026-01-07T17:16:16.124Z",
      "purchasedPrice": 97
    },
    {
      "id": "94d6320b-1085-485c-be86-76907bc9606e",
      "description": "invoice 64",
      "purchasedDate": "2026-01-07T17:16:16.124Z",
      "purchasedPrice": 63
    },
    {
      "id": "1f5742b0-e62a-4bdc-b9d4-41954d8f86f5",
      "description": "invoice 65",
      "purchasedDate": "2026-01-07T17:16:16.124Z",
      "purchasedPrice": 86
    },
    {
      "id": "0713815c-f4a9-4da4-98d0-edf74d9bb3ff",
      "description": "invoice 66",
      "purchasedDate": "2026-01-07T17:16:16.124Z",
      "purchasedPrice": 75
    },
    {
      "id": "0c7855dc-ce78-4446-8fc3-b959cfb83eed",
      "description": "invoice 67",
      "purchasedDate": "2026-01-07T17:16:16.124Z",
      "purchasedPrice": 46
    },
    {
      "id": "b797759c-cf7b-446d-a1b9-a9214c82a51a",
      "description": "invoice 68",
      "purchasedDate": "2026-01-07T17:16:16.124Z",
      "purchasedPrice": 57
    },
    {
      "id": "b2d41204-7f4f-49f9-a39b-8c5b5f10bfa6",
      "description": "invoice 69",
      "purchasedDate": "2026-01-07T17:16:16.124Z",
      "purchasedPrice": 63
    },
    {
      "id": "de58e733-dc13-47f4-a3c1-b488c11d7601",
      "description": "invoice 70",
      "purchasedDate": "2026-01-07T17:16:16.124Z",
      "purchasedPrice": 21
    },
    {
      "id": "5b11217f-9ef3-4a89-9f06-b864ba39bb92",
      "description": "invoice 71",
      "purchasedDate": "2026-01-07T17:16:16.124Z",
      "purchasedPrice": 41
    },
    {
      "id": "06f9f90c-04c6-45e7-998d-f92268c79cc0",
      "description": "invoice 72",
      "purchasedDate": "2026-01-07T17:16:16.124Z",
      "purchasedPrice": 52
    },
    {
      "id": "66e91b9a-b4d5-4682-bb1e-7499cc9c01e3",
      "description": "invoice 73",
      "purchasedDate": "2026-01-07T17:16:16.124Z",
      "purchasedPrice": 67
    },
    {
      "id": "f5f22aec-e6ac-45d7-bd9b-d4a3e933619b",
      "description": "invoice 74",
      "purchasedDate": "2026-01-07T17:16:16.124Z",
      "purchasedPrice": 97
    },
    {
      "id": "db801fa7-0727-44d8-aea7-885edbc1d215",
      "description": "invoice 75",
      "purchasedDate": "2026-01-07T17:16:16.124Z",
      "purchasedPrice": 86
    },
    {
      "id": "34547f0d-3f53-4c33-a9fe-b1d10cb6ec08",
      "description": "invoice 76",
      "purchasedDate": "2026-01-07T17:16:16.124Z",
      "purchasedPrice": 58
    },
    {
      "id": "cf86c25d-58ad-4f38-b306-e72e5de0d689",
      "description": "invoice 77",
      "purchasedDate": "2026-01-07T17:16:16.124Z",
      "purchasedPrice": 76
    },
    {
      "id": "540d761f-2e6d-48fb-bc16-1238c57c50b0",
      "description": "invoice 78",
      "purchasedDate": "2026-01-07T17:16:16.124Z",
      "purchasedPrice": 71
    },
    {
      "id": "75471bf0-9fa9-40ce-9d81-4f1f48e77726",
      "description": "invoice 79",
      "purchasedDate": "2026-01-07T17:16:16.124Z",
      "purchasedPrice": 0
    },
    {
      "id": "1ca68fe1-ae78-4bca-8894-81ec2bd6bf6f",
      "description": "invoice 80",
      "purchasedDate": "2026-01-07T17:16:16.124Z",
      "purchasedPrice": 87
    },
    {
      "id": "a1a7cb0d-ee58-4c0e-bbca-57aead7b6532",
      "description": "invoice 81",
      "purchasedDate": "2026-01-07T17:16:16.124Z",
      "purchasedPrice": 4
    },
    {
      "id": "ab94dfd4-5d9f-4da2-9a66-ec11981b4657",
      "description": "invoice 82",
      "purchasedDate": "2026-01-07T17:16:16.124Z",
      "purchasedPrice": 63
    },
    {
      "id": "e0fb0229-9070-4784-a423-8bd4f0df22f1",
      "description": "invoice 83",
      "purchasedDate": "2026-01-07T17:16:16.124Z",
      "purchasedPrice": 81
    },
    {
      "id": "535b9d39-6870-4e79-8ed2-ada52539eb93",
      "description": "invoice 84",
      "purchasedDate": "2026-01-07T17:16:16.124Z",
      "purchasedPrice": 7
    },
    {
      "id": "639a709f-a2fb-420e-a7d2-fbc8b64ab1bf",
      "description": "invoice 85",
      "purchasedDate": "2026-01-07T17:16:16.124Z",
      "purchasedPrice": 48
    },
    {
      "id": "01bed89c-09f7-48f4-8175-e6ed87b4f024",
      "description": "invoice 86",
      "purchasedDate": "2026-01-07T17:16:16.124Z",
      "purchasedPrice": 59
    },
    {
      "id": "be9d4032-5ec5-43e8-af78-d35b478ac798",
      "description": "invoice 87",
      "purchasedDate": "2026-01-07T17:16:16.124Z",
      "purchasedPrice": 89
    },
    {
      "id": "927f003f-979a-4a8b-a280-ca288b3ae78d",
      "description": "invoice 88",
      "purchasedDate": "2026-01-07T17:16:16.124Z",
      "purchasedPrice": 13
    },
    {
      "id": "8745cdad-f151-4da8-acda-53376375696c",
      "description": "invoice 89",
      "purchasedDate": "2026-01-07T17:16:16.124Z",
      "purchasedPrice": 23
    },
    {
      "id": "edb6552e-2ff9-44d4-91aa-95e14b42794d",
      "description": "invoice 90",
      "purchasedDate": "2026-01-07T17:16:16.124Z",
      "purchasedPrice": 23
    },
    {
      "id": "5a83253f-5e98-4642-87b2-140172097ecf",
      "description": "invoice 91",
      "purchasedDate": "2026-01-07T17:16:16.124Z",
      "purchasedPrice": 19
    },
    {
      "id": "0e41ca7b-eb50-433c-a543-5739d85cde42",
      "description": "invoice 92",
      "purchasedDate": "2026-01-07T17:16:16.124Z",
      "purchasedPrice": 38
    },
    {
      "id": "df6c9d1f-6cdf-4d7b-8f1a-32d592c5dc84",
      "description": "invoice 93",
      "purchasedDate": "2026-01-07T17:16:16.124Z",
      "purchasedPrice": 22
    },
    {
      "id": "2e0ad759-9bcc-4acb-8e40-b323fc8a603b",
      "description": "invoice 94",
      "purchasedDate": "2026-01-07T17:16:16.124Z",
      "purchasedPrice": 32
    },
    {
      "id": "b9ca235d-5c6a-4917-a3ab-33dee8751c17",
      "description": "invoice 95",
      "purchasedDate": "2026-01-07T17:16:16.124Z",
      "purchasedPrice": 76
    },
    {
      "id": "24765da9-4a3f-46e4-8299-8462cf467175",
      "description": "invoice 96",
      "purchasedDate": "2026-01-07T17:16:16.124Z",
      "purchasedPrice": 99
    },
    {
      "id": "12e33830-6fbe-4cc3-aa7a-e57efb514d86",
      "description": "invoice 97",
      "purchasedDate": "2026-01-07T17:16:16.124Z",
      "purchasedPrice": 16
    },
    {
      "id": "2c7bd4ba-2ef2-491c-861f-e3f63e8663d7",
      "description": "invoice 98",
      "purchasedDate": "2026-01-07T17:16:16.124Z",
      "purchasedPrice": 59
    },
    {
      "id": "4b5988f0-524b-4507-a4e3-5a59e2bb1e18",
      "description": "invoice 99",
      "purchasedDate": "2026-01-07T17:16:16.124Z",
      "purchasedPrice": 26
    },
    {
      "id": "58830b89-8b8c-4228-8c57-c33ae7fb2791",
      "description": "invoice 100",
      "purchasedDate": "2026-01-07T17:16:16.124Z",
      "purchasedPrice": 98
    },
    {
      "id": "57b4877f-1ccc-4457-ac27-9a452a7ceb3c",
      "description": "invoice 101",
      "purchasedDate": "2026-01-07T17:16:16.124Z",
      "purchasedPrice": 39
    },
    {
      "id": "f931fa19-dd7f-4c44-9447-5aa0cd41e2aa",
      "description": "invoice 102",
      "purchasedDate": "2026-01-07T17:16:16.124Z",
      "purchasedPrice": 81
    },
    {
      "id": "c5fde267-ec8d-45c4-9fd6-0867c7cf239c",
      "description": "invoice 103",
      "purchasedDate": "2026-01-07T17:16:16.124Z",
      "purchasedPrice": 65
    },
    {
      "id": "953d8c4d-f1bd-4830-bb55-a41d85538db7",
      "description": "invoice 104",
      "purchasedDate": "2026-01-07T17:16:16.124Z",
      "purchasedPrice": 49
    },
    {
      "id": "3b397f40-3e4c-46fb-b9d0-a79251873871",
      "description": "invoice 105",
      "purchasedDate": "2026-01-07T17:16:16.124Z",
      "purchasedPrice": 39
    },
    {
      "id": "7b1603c4-ae55-4677-b19e-a662aa7fcda8",
      "description": "invoice 106",
      "purchasedDate": "2026-01-07T17:16:16.124Z",
      "purchasedPrice": 73
    },
    {
      "id": "26afd2b4-c83d-4a3a-88ad-1292bb8139c8",
      "description": "invoice 107",
      "purchasedDate": "2026-01-07T17:16:16.124Z",
      "purchasedPrice": 74
    },
    {
      "id": "0c6d4348-aa15-406c-aab8-651e3a6a87d9",
      "description": "invoice 108",
      "purchasedDate": "2026-01-07T17:16:16.124Z",
      "purchasedPrice": 24
    },
    {
      "id": "c351bf59-a543-4410-b2e0-6c5a6af5bd3f",
      "description": "invoice 109",
      "purchasedDate": "2026-01-07T17:16:16.124Z",
      "purchasedPrice": 27
    },
    {
      "id": "1261e1a7-fdc0-4610-95de-a99ef6e704db",
      "description": "invoice 110",
      "purchasedDate": "2026-01-07T17:16:16.124Z",
      "purchasedPrice": 83
    },
    {
      "id": "7f430560-79c5-4040-87fe-eb3337a294b8",
      "description": "invoice 111",
      "purchasedDate": "2026-01-07T17:16:16.124Z",
      "purchasedPrice": 18
    },
    {
      "id": "214ee9aa-b850-490b-b033-a6d5e3cf3305",
      "description": "invoice 112",
      "purchasedDate": "2026-01-07T17:16:16.124Z",
      "purchasedPrice": 11
    },
    {
      "id": "36d044ff-064f-4a1d-8cb2-1a990de4ec47",
      "description": "invoice 113",
      "purchasedDate": "2026-01-07T17:16:16.124Z",
      "purchasedPrice": 82
    },
    {
      "id": "ac61ab10-a4ac-4b13-8ead-5032c5716b84",
      "description": "invoice 114",
      "purchasedDate": "2026-01-07T17:16:16.124Z",
      "purchasedPrice": 49
    },
    {
      "id": "402bf28f-a3b3-4b1a-85a6-33f5e0427b7f",
      "description": "invoice 115",
      "purchasedDate": "2026-01-07T17:16:16.124Z",
      "purchasedPrice": 60
    },
    {
      "id": "a1856c4e-592e-4fe6-b3b0-b9939ed486fe",
      "description": "invoice 116",
      "purchasedDate": "2026-01-07T17:16:16.124Z",
      "purchasedPrice": 80
    },
    {
      "id": "a3e3bd71-1bd3-49bd-913b-6260da55f745",
      "description": "invoice 117",
      "purchasedDate": "2026-01-07T17:16:16.124Z",
      "purchasedPrice": 66
    },
    {
      "id": "b99c98bd-5e64-4593-b280-8de0596d48a8",
      "description": "invoice 118",
      "purchasedDate": "2026-01-07T17:16:16.124Z",
      "purchasedPrice": 70
    },
    {
      "id": "a7a05592-0e45-43e2-bfb9-86c0cd818531",
      "description": "invoice 119",
      "purchasedDate": "2026-01-07T17:16:16.124Z",
      "purchasedPrice": 21
    },
    {
      "id": "9a5f570e-a3b0-4d79-a90e-8a1d4a48116e",
      "description": "invoice 120",
      "purchasedDate": "2026-01-07T17:16:16.124Z",
      "purchasedPrice": 92
    },
    {
      "id": "95e570dd-ac13-417f-b63c-c83e8145972e",
      "description": "invoice 121",
      "purchasedDate": "2026-01-07T17:16:16.124Z",
      "purchasedPrice": 88
    },
    {
      "id": "66711343-90b9-4b71-ad7c-7b82ee396fab",
      "description": "invoice 122",
      "purchasedDate": "2026-01-07T17:16:16.124Z",
      "purchasedPrice": 99
    },
    {
      "id": "24153d17-61da-4397-947e-891c1155fd13",
      "description": "invoice 123",
      "purchasedDate": "2026-01-07T17:16:16.124Z",
      "purchasedPrice": 34
    },
    {
      "id": "a3d8f5e8-c242-4873-8cb0-9e138faef602",
      "description": "invoice 124",
      "purchasedDate": "2026-01-07T17:16:16.124Z",
      "purchasedPrice": 22
    },
    {
      "id": "f3f87b1e-9a41-433c-b7b2-b003e8b68f5a",
      "description": "invoice 125",
      "purchasedDate": "2026-01-07T17:16:16.124Z",
      "purchasedPrice": 79
    },
    {
      "id": "1dcba8b8-ce80-4f04-bd04-c37ac56aa138",
      "description": "invoice 126",
      "purchasedDate": "2026-01-07T17:16:16.124Z",
      "purchasedPrice": 3
    },
    {
      "id": "b3dd5c4b-7180-4ba0-ada8-ba18b9c63be6",
      "description": "invoice 127",
      "purchasedDate": "2026-01-07T17:16:16.125Z",
      "purchasedPrice": 50
    },
    {
      "id": "e1867a6a-ae78-4229-8166-0fb4dc0a51d2",
      "description": "invoice 128",
      "purchasedDate": "2026-01-07T17:16:16.125Z",
      "purchasedPrice": 9
    },
    {
      "id": "36241648-73bd-42af-8fd9-0f6361908d2b",
      "description": "invoice 129",
      "purchasedDate": "2026-01-07T17:16:16.125Z",
      "purchasedPrice": 9
    },
    {
      "id": "33556567-5f06-4a05-b04c-0eb2c8d1e0ea",
      "description": "invoice 130",
      "purchasedDate": "2026-01-07T17:16:16.125Z",
      "purchasedPrice": 1
    },
    {
      "id": "72925418-705d-48ef-aa39-607b3f335db0",
      "description": "invoice 131",
      "purchasedDate": "2026-01-07T17:16:16.125Z",
      "purchasedPrice": 67
    },
    {
      "id": "d0a802a6-eb9e-4c9d-a418-7ae4995f4778",
      "description": "invoice 132",
      "purchasedDate": "2026-01-07T17:16:16.125Z",
      "purchasedPrice": 14
    },
    {
      "id": "61b86243-32f1-4945-af7d-0b6895b2582b",
      "description": "invoice 133",
      "purchasedDate": "2026-01-07T17:16:16.125Z",
      "purchasedPrice": 20
    },
    {
      "id": "4321fdc8-1ad2-4516-a813-d8288e304967",
      "description": "invoice 134",
      "purchasedDate": "2026-01-07T17:16:16.125Z",
      "purchasedPrice": 9
    },
    {
      "id": "6a2c1d06-059b-4772-93c4-c97f50a76ac4",
      "description": "invoice 135",
      "purchasedDate": "2026-01-07T17:16:16.125Z",
      "purchasedPrice": 86
    },
    {
      "id": "f074c317-111a-4f89-8790-be6c587f5060",
      "description": "invoice 136",
      "purchasedDate": "2026-01-07T17:16:16.125Z",
      "purchasedPrice": 82
    },
    {
      "id": "d668ba64-eb4c-4ec5-9dd0-7c721cd6e926",
      "description": "invoice 137",
      "purchasedDate": "2026-01-07T17:16:16.125Z",
      "purchasedPrice": 39
    },
    {
      "id": "d0c6ebfb-203e-40fc-8e6d-d9857b8cde2e",
      "description": "invoice 138",
      "purchasedDate": "2026-01-07T17:16:16.125Z",
      "purchasedPrice": 12
    },
    {
      "id": "35395e4c-334d-4e3a-9b02-08d55b151be6",
      "description": "invoice 139",
      "purchasedDate": "2026-01-07T17:16:16.125Z",
      "purchasedPrice": 71
    },
    {
      "id": "fb23faff-247c-44bf-9e43-1180f1327897",
      "description": "invoice 140",
      "purchasedDate": "2026-01-07T17:16:16.125Z",
      "purchasedPrice": 82
    },
    {
      "id": "f0e67acf-db7c-4bd0-8bec-3ec157372724",
      "description": "invoice 141",
      "purchasedDate": "2026-01-07T17:16:16.125Z",
      "purchasedPrice": 65
    },
    {
      "id": "be69b2d8-bfd6-4ff4-a8ec-701954f92ed2",
      "description": "invoice 142",
      "purchasedDate": "2026-01-07T17:16:16.125Z",
      "purchasedPrice": 21
    },
    {
      "id": "d3c38e02-67ae-4542-a24d-e11070ee949d",
      "description": "invoice 143",
      "purchasedDate": "2026-01-07T17:16:16.125Z",
      "purchasedPrice": 16
    },
    {
      "id": "5be5e874-b93c-4d2f-8ea4-f9ad9a4ff36f",
      "description": "invoice 144",
      "purchasedDate": "2026-01-07T17:16:16.125Z",
      "purchasedPrice": 95
    },
    {
      "id": "b8e0e09d-59b2-49fc-a61e-c37ffa64d238",
      "description": "invoice 145",
      "purchasedDate": "2026-01-07T17:16:16.125Z",
      "purchasedPrice": 76
    },
    {
      "id": "058e5e26-fe22-42be-84a9-e8c78e9a4e80",
      "description": "invoice 146",
      "purchasedDate": "2026-01-07T17:16:16.125Z",
      "purchasedPrice": 69
    },
    {
      "id": "c6087f30-6d91-4d0a-b165-03ba69fb7c1f",
      "description": "invoice 147",
      "purchasedDate": "2026-01-07T17:16:16.125Z",
      "purchasedPrice": 45
    },
    {
      "id": "3b2dc343-bc6c-42fa-927d-a56f920fcc2a",
      "description": "invoice 148",
      "purchasedDate": "2026-01-07T17:16:16.125Z",
      "purchasedPrice": 69
    },
    {
      "id": "85c943c6-1153-4209-9dee-fd6ad02198b7",
      "description": "invoice 149",
      "purchasedDate": "2026-01-07T17:16:16.125Z",
      "purchasedPrice": 85
    },
    {
      "id": "55cb3b89-87d1-45df-a1fb-9e4ca8f30733",
      "description": "invoice 150",
      "purchasedDate": "2026-01-07T17:16:16.125Z",
      "purchasedPrice": 79
    },
    {
      "id": "19ec6e65-b6fa-4bca-8fc9-e896f21fb6e6",
      "description": "invoice 151",
      "purchasedDate": "2026-01-07T17:16:16.125Z",
      "purchasedPrice": 48
    },
    {
      "id": "f07b3d65-583f-4e91-b75a-2fd632aa2d97",
      "description": "invoice 152",
      "purchasedDate": "2026-01-07T17:16:16.125Z",
      "purchasedPrice": 40
    },
    {
      "id": "b4a4c40e-0e7d-4e23-8151-d2bd17a2268a",
      "description": "invoice 153",
      "purchasedDate": "2026-01-07T17:16:16.125Z",
      "purchasedPrice": 57
    },
    {
      "id": "44da89ca-1bfa-4a06-a78c-e141f3ad50e8",
      "description": "invoice 154",
      "purchasedDate": "2026-01-07T17:16:16.125Z",
      "purchasedPrice": 26
    },
    {
      "id": "c3d0397f-509a-443c-9068-b931dc30c3e6",
      "description": "invoice 155",
      "purchasedDate": "2026-01-07T17:16:16.125Z",
      "purchasedPrice": 55
    },
    {
      "id": "34e60c78-3fb3-4868-81da-fdc3d8152c81",
      "description": "invoice 156",
      "purchasedDate": "2026-01-07T17:16:16.125Z",
      "purchasedPrice": 67
    },
    {
      "id": "a0ebc2b4-7a9f-46c3-95c8-2a6b8340f32b",
      "description": "invoice 157",
      "purchasedDate": "2026-01-07T17:16:16.125Z",
      "purchasedPrice": 97
    },
    {
      "id": "9cae42b6-33b6-4229-8bbe-5abbfe01f180",
      "description": "invoice 158",
      "purchasedDate": "2026-01-07T17:16:16.125Z",
      "purchasedPrice": 83
    },
    {
      "id": "c292fe2b-584b-41db-b191-e1fdc6156f95",
      "description": "invoice 159",
      "purchasedDate": "2026-01-07T17:16:16.125Z",
      "purchasedPrice": 91
    },
    {
      "id": "271052a7-4070-490e-8b45-60fc81dedecd",
      "description": "invoice 160",
      "purchasedDate": "2026-01-07T17:16:16.125Z",
      "purchasedPrice": 19
    },
    {
      "id": "c4ced346-3b40-4ec5-814a-55df7aedd65a",
      "description": "invoice 161",
      "purchasedDate": "2026-01-07T17:16:16.125Z",
      "purchasedPrice": 26
    },
    {
      "id": "16d461a0-85c4-417b-835e-92134b796650",
      "description": "invoice 162",
      "purchasedDate": "2026-01-07T17:16:16.125Z",
      "purchasedPrice": 5
    },
    {
      "id": "1c7108e2-ae7f-4a68-bf63-35ec4653e028",
      "description": "invoice 163",
      "purchasedDate": "2026-01-07T17:16:16.125Z",
      "purchasedPrice": 17
    },
    {
      "id": "17b3c152-be56-4efa-bd18-4a3b6239a210",
      "description": "invoice 164",
      "purchasedDate": "2026-01-07T17:16:16.125Z",
      "purchasedPrice": 99
    },
    {
      "id": "a55d65f3-ebe2-4a9f-9176-a04e18776cbb",
      "description": "invoice 165",
      "purchasedDate": "2026-01-07T17:16:16.125Z",
      "purchasedPrice": 44
    },
    {
      "id": "9a647adb-eee0-4b3c-b8e5-e964d68bbe5c",
      "description": "invoice 166",
      "purchasedDate": "2026-01-07T17:16:16.125Z",
      "purchasedPrice": 23
    },
    {
      "id": "2a27b08a-c3cb-40f5-9dbc-9e7f619b4afa",
      "description": "invoice 167",
      "purchasedDate": "2026-01-07T17:16:16.125Z",
      "purchasedPrice": 0
    },
    {
      "id": "63a218b9-73f9-4d16-a575-8ed9f9ac56bc",
      "description": "invoice 168",
      "purchasedDate": "2026-01-07T17:16:16.125Z",
      "purchasedPrice": 78
    },
    {
      "id": "5d694ac3-8b08-4eb5-8709-75aef7bae5f5",
      "description": "invoice 169",
      "purchasedDate": "2026-01-07T17:16:16.125Z",
      "purchasedPrice": 78
    },
    {
      "id": "6844d610-bbe7-424c-ad23-a29b53519e1d",
      "description": "invoice 170",
      "purchasedDate": "2026-01-07T17:16:16.125Z",
      "purchasedPrice": 13
    },
    {
      "id": "c984b9ef-7d8a-4333-9cdc-10ce5a858b91",
      "description": "invoice 171",
      "purchasedDate": "2026-01-07T17:16:16.125Z",
      "purchasedPrice": 63
    },
    {
      "id": "87063e50-fcd6-43ae-a492-e299ca1c9132",
      "description": "invoice 172",
      "purchasedDate": "2026-01-07T17:16:16.125Z",
      "purchasedPrice": 30
    },
    {
      "id": "b6ee6d15-8193-4537-b599-9f5d54f89584",
      "description": "invoice 173",
      "purchasedDate": "2026-01-07T17:16:16.125Z",
      "purchasedPrice": 38
    },
    {
      "id": "49989a7b-8cba-45f4-b901-326020f8d997",
      "description": "invoice 174",
      "purchasedDate": "2026-01-07T17:16:16.125Z",
      "purchasedPrice": 90
    },
    {
      "id": "4e81adb3-a0a7-4bdf-8e50-bd39314cd499",
      "description": "invoice 175",
      "purchasedDate": "2026-01-07T17:16:16.125Z",
      "purchasedPrice": 32
    },
    {
      "id": "5c56a0f5-d57d-459a-9789-4814f92c209c",
      "description": "invoice 176",
      "purchasedDate": "2026-01-07T17:16:16.125Z",
      "purchasedPrice": 60
    },
    {
      "id": "af546e67-c89a-49bb-b2be-5e418508dd43",
      "description": "invoice 177",
      "purchasedDate": "2026-01-07T17:16:16.125Z",
      "purchasedPrice": 55
    },
    {
      "id": "2f576533-3ab0-4623-ac71-18232791fd55",
      "description": "invoice 178",
      "purchasedDate": "2026-01-07T17:16:16.125Z",
      "purchasedPrice": 68
    },
    {
      "id": "94af50d4-43e8-4af3-9778-d4d9f9e06a04",
      "description": "invoice 179",
      "purchasedDate": "2026-01-07T17:16:16.125Z",
      "purchasedPrice": 48
    },
    {
      "id": "e60564bd-e414-400d-afa0-5d9d1cf3d0b6",
      "description": "invoice 180",
      "purchasedDate": "2026-01-07T17:16:16.125Z",
      "purchasedPrice": 98
    },
    {
      "id": "1e97b0bb-11ff-410c-9696-2b3e62324ef5",
      "description": "invoice 181",
      "purchasedDate": "2026-01-07T17:16:16.125Z",
      "purchasedPrice": 26
    },
    {
      "id": "2377f665-5cfb-4cf9-94a2-6756b1a7faa8",
      "description": "invoice 182",
      "purchasedDate": "2026-01-07T17:16:16.125Z",
      "purchasedPrice": 9
    },
    {
      "id": "9cf13f85-7dcf-4aed-8efb-f006de5f10ea",
      "description": "invoice 183",
      "purchasedDate": "2026-01-07T17:16:16.125Z",
      "purchasedPrice": 46
    },
    {
      "id": "f7c46f6e-9f4f-46da-beef-1aff17716add",
      "description": "invoice 184",
      "purchasedDate": "2026-01-07T17:16:16.125Z",
      "purchasedPrice": 12
    },
    {
      "id": "76e39e67-5005-4d64-af8d-e5cd62e79558",
      "description": "invoice 185",
      "purchasedDate": "2026-01-07T17:16:16.125Z",
      "purchasedPrice": 20
    },
    {
      "id": "0def522d-e87f-466c-89da-ddd610abebf8",
      "description": "invoice 186",
      "purchasedDate": "2026-01-07T17:16:16.125Z",
      "purchasedPrice": 54
    },
    {
      "id": "21bb1f0c-5a3b-4385-a351-f98d89de7773",
      "description": "invoice 187",
      "purchasedDate": "2026-01-07T17:16:16.125Z",
      "purchasedPrice": 44
    },
    {
      "id": "3670ca5b-57a2-4d89-8e72-94b59c906fcd",
      "description": "invoice 188",
      "purchasedDate": "2026-01-07T17:16:16.125Z",
      "purchasedPrice": 44
    },
    {
      "id": "f5f5cbd9-0af3-440c-a80d-8002fdfba230",
      "description": "invoice 189",
      "purchasedDate": "2026-01-07T17:16:16.125Z",
      "purchasedPrice": 74
    },
    {
      "id": "72644122-c711-4b54-aa61-bdd63714fe73",
      "description": "invoice 190",
      "purchasedDate": "2026-01-07T17:16:16.125Z",
      "purchasedPrice": 36
    },
    {
      "id": "a0bb8dbf-74d4-4354-8b4f-d57f740dd49e",
      "description": "invoice 191",
      "purchasedDate": "2026-01-07T17:16:16.125Z",
      "purchasedPrice": 26
    },
    {
      "id": "9907fcb3-8d68-4732-85a0-b04a46e4e141",
      "description": "invoice 192",
      "purchasedDate": "2026-01-07T17:16:16.125Z",
      "purchasedPrice": 26
    },
    {
      "id": "b1546b0e-57c9-4260-9afd-714c9957cc94",
      "description": "invoice 193",
      "purchasedDate": "2026-01-07T17:16:16.125Z",
      "purchasedPrice": 31
    },
    {
      "id": "ec0d2e29-81d9-4874-a5e9-0b8790ebe6be",
      "description": "invoice 194",
      "purchasedDate": "2026-01-07T17:16:16.125Z",
      "purchasedPrice": 39
    },
    {
      "id": "07279b6d-558b-4e2f-9236-bb059ab4e78d",
      "description": "invoice 195",
      "purchasedDate": "2026-01-07T17:16:16.125Z",
      "purchasedPrice": 47
    },
    {
      "id": "fa27c273-eea6-47b1-956c-20a35f701739",
      "description": "invoice 196",
      "purchasedDate": "2026-01-07T17:16:16.125Z",
      "purchasedPrice": 6
    },
    {
      "id": "730d7238-c17d-4899-8710-e26d98bfb713",
      "description": "invoice 197",
      "purchasedDate": "2026-01-07T17:16:16.125Z",
      "purchasedPrice": 62
    },
    {
      "id": "9334938e-fff5-492a-b835-86139ab4ddd1",
      "description": "invoice 198",
      "purchasedDate": "2026-01-07T17:16:16.125Z",
      "purchasedPrice": 33
    },
    {
      "id": "32af1340-4abb-43c9-8a73-34deca648634",
      "description": "invoice 199",
      "purchasedDate": "2026-01-07T17:16:16.125Z",
      "purchasedPrice": 20
    },
    {
      "id": "fd1ae689-0d44-41aa-a94f-ab676db931c8",
      "description": "invoice 200",
      "purchasedDate": "2026-01-07T17:16:16.125Z",
      "purchasedPrice": 34
    },
    {
      "id": "a8434b77-e207-408d-beb6-30de83f10375",
      "description": "invoice 201",
      "purchasedDate": "2026-01-07T17:16:16.125Z",
      "purchasedPrice": 81
    },
    {
      "id": "6f35b5d7-d471-456c-8e29-cdb445db41c0",
      "description": "invoice 202",
      "purchasedDate": "2026-01-07T17:16:16.125Z",
      "purchasedPrice": 96
    },
    {
      "id": "da9c076a-78fc-4719-827a-3035963ccb41",
      "description": "invoice 203",
      "purchasedDate": "2026-01-07T17:16:16.125Z",
      "purchasedPrice": 18
    },
    {
      "id": "ae895647-d920-40b5-8c70-9ca713f555e3",
      "description": "invoice 204",
      "purchasedDate": "2026-01-07T17:16:16.125Z",
      "purchasedPrice": 62
    },
    {
      "id": "b85214d1-a3cf-4f6e-83b0-0efd018bf70a",
      "description": "invoice 205",
      "purchasedDate": "2026-01-07T17:16:16.125Z",
      "purchasedPrice": 78
    },
    {
      "id": "27ebf4ea-1348-4c06-99dd-5e5380be3f61",
      "description": "invoice 206",
      "purchasedDate": "2026-01-07T17:16:16.125Z",
      "purchasedPrice": 51
    },
    {
      "id": "bd7765c5-2221-41c9-8992-c8592a339598",
      "description": "invoice 207",
      "purchasedDate": "2026-01-07T17:16:16.125Z",
      "purchasedPrice": 98
    },
    {
      "id": "9f80a12a-2379-4db7-b616-2a56d486a114",
      "description": "invoice 208",
      "purchasedDate": "2026-01-07T17:16:16.125Z",
      "purchasedPrice": 20
    },
    {
      "id": "73c9f510-f8d3-4322-a120-cd06b230a11a",
      "description": "invoice 209",
      "purchasedDate": "2026-01-07T17:16:16.125Z",
      "purchasedPrice": 21
    },
    {
      "id": "2f7f689f-213f-490b-9f5b-87d55c1912b3",
      "description": "invoice 210",
      "purchasedDate": "2026-01-07T17:16:16.125Z",
      "purchasedPrice": 31
    },
    {
      "id": "413c8c60-9c50-49b1-a7d0-dcfad051f54c",
      "description": "invoice 211",
      "purchasedDate": "2026-01-07T17:16:16.125Z",
      "purchasedPrice": 50
    },
    {
      "id": "92a0f0ea-1c7b-490a-a52c-ccafaac178d4",
      "description": "invoice 212",
      "purchasedDate": "2026-01-07T17:16:16.125Z",
      "purchasedPrice": 81
    },
    {
      "id": "8062bff8-e103-4be8-be5a-368b4e4dc0c2",
      "description": "invoice 213",
      "purchasedDate": "2026-01-07T17:16:16.125Z",
      "purchasedPrice": 68
    },
    {
      "id": "2f35a905-ec91-425f-a1d9-932e2d158f5c",
      "description": "invoice 214",
      "purchasedDate": "2026-01-07T17:16:16.125Z",
      "purchasedPrice": 44
    },
    {
      "id": "e0b5bc46-a6a7-4319-8f44-f333a0f7d3e2",
      "description": "invoice 215",
      "purchasedDate": "2026-01-07T17:16:16.125Z",
      "purchasedPrice": 22
    },
    {
      "id": "8c4b4df5-6eea-4410-a912-b497b11627e2",
      "description": "invoice 216",
      "purchasedDate": "2026-01-07T17:16:16.125Z",
      "purchasedPrice": 18
    },
    {
      "id": "39f3a84e-0f7b-40ee-931d-5e1fc2611975",
      "description": "invoice 217",
      "purchasedDate": "2026-01-07T17:16:16.125Z",
      "purchasedPrice": 96
    },
    {
      "id": "5eb494ad-1dd1-4d1c-9611-0b99272e34d4",
      "description": "invoice 218",
      "purchasedDate": "2026-01-07T17:16:16.125Z",
      "purchasedPrice": 89
    },
    {
      "id": "d6cc2181-7fff-441f-8797-f0d234fe52d3",
      "description": "invoice 219",
      "purchasedDate": "2026-01-07T17:16:16.125Z",
      "purchasedPrice": 42
    },
    {
      "id": "7d25928e-5ecd-4845-809b-05c5854b231f",
      "description": "invoice 220",
      "purchasedDate": "2026-01-07T17:16:16.125Z",
      "purchasedPrice": 71
    },
    {
      "id": "59c37143-7b92-41dd-9429-ebadd4261e43",
      "description": "invoice 221",
      "purchasedDate": "2026-01-07T17:16:16.125Z",
      "purchasedPrice": 88
    },
    {
      "id": "fc83509d-09e6-4f54-9e39-8da036eed712",
      "description": "invoice 222",
      "purchasedDate": "2026-01-07T17:16:16.125Z",
      "purchasedPrice": 12
    },
    {
      "id": "3d95ad4c-91b5-4fd0-8d2e-ca32ca1db508",
      "description": "invoice 223",
      "purchasedDate": "2026-01-07T17:16:16.125Z",
      "purchasedPrice": 41
    },
    {
      "id": "ee073812-4ef7-4352-acdd-84146537b270",
      "description": "invoice 224",
      "purchasedDate": "2026-01-07T17:16:16.125Z",
      "purchasedPrice": 65
    },
    {
      "id": "df879321-f3c6-48c0-8e06-c47b0592b90f",
      "description": "invoice 225",
      "purchasedDate": "2026-01-07T17:16:16.125Z",
      "purchasedPrice": 57
    },
    {
      "id": "c77f7a4e-6e1c-43e8-bcfc-7db5f4248982",
      "description": "invoice 226",
      "purchasedDate": "2026-01-07T17:16:16.125Z",
      "purchasedPrice": 25
    },
    {
      "id": "48d5da97-d63c-4ab1-84fb-d2701bfa50b8",
      "description": "invoice 227",
      "purchasedDate": "2026-01-07T17:16:16.125Z",
      "purchasedPrice": 86
    },
    {
      "id": "392c48ab-4dd2-45cb-b7a8-ef7ea71344a1",
      "description": "invoice 228",
      "purchasedDate": "2026-01-07T17:16:16.125Z",
      "purchasedPrice": 58
    },
    {
      "id": "550eb24b-961b-43a5-af9e-327a7585b9c5",
      "description": "invoice 229",
      "purchasedDate": "2026-01-07T17:16:16.125Z",
      "purchasedPrice": 88
    },
    {
      "id": "dce5bd55-2b1a-4e3d-affb-caea88d61fec",
      "description": "invoice 230",
      "purchasedDate": "2026-01-07T17:16:16.125Z",
      "purchasedPrice": 9
    },
    {
      "id": "d9b50d9f-ceaa-4bc6-9583-dd2cb519ba13",
      "description": "invoice 231",
      "purchasedDate": "2026-01-07T17:16:16.125Z",
      "purchasedPrice": 28
    },
    {
      "id": "1eaddff3-235c-462e-8cb1-e8bd191cc6df",
      "description": "invoice 232",
      "purchasedDate": "2026-01-07T17:16:16.125Z",
      "purchasedPrice": 31
    },
    {
      "id": "14e3102a-a630-4257-85c0-f95d3b756c00",
      "description": "invoice 233",
      "purchasedDate": "2026-01-07T17:16:16.125Z",
      "purchasedPrice": 63
    },
    {
      "id": "31b79454-8325-45bd-93fe-6a2663806e6a",
      "description": "invoice 234",
      "purchasedDate": "2026-01-07T17:16:16.125Z",
      "purchasedPrice": 83
    },
    {
      "id": "98996854-579d-4503-be3c-56031a20e7f3",
      "description": "invoice 235",
      "purchasedDate": "2026-01-07T17:16:16.125Z",
      "purchasedPrice": 52
    },
    {
      "id": "a8ea038e-a615-4602-84ce-2dc5ab07f9ba",
      "description": "invoice 236",
      "purchasedDate": "2026-01-07T17:16:16.125Z",
      "purchasedPrice": 50
    },
    {
      "id": "d073063f-0096-4925-8d6e-e158b18ccdac",
      "description": "invoice 237",
      "purchasedDate": "2026-01-07T17:16:16.125Z",
      "purchasedPrice": 88
    },
    {
      "id": "b889e1c7-cb83-4fa6-8375-43fed77794e4",
      "description": "invoice 238",
      "purchasedDate": "2026-01-07T17:16:16.125Z",
      "purchasedPrice": 85
    },
    {
      "id": "82038b28-4645-4502-a313-5152ef95eb36",
      "description": "invoice 239",
      "purchasedDate": "2026-01-07T17:16:16.125Z",
      "purchasedPrice": 74
    },
    {
      "id": "920d92d9-e6e4-4828-ba21-a5eb8cc5e348",
      "description": "invoice 240",
      "purchasedDate": "2026-01-07T17:16:16.125Z",
      "purchasedPrice": 83
    },
    {
      "id": "b9637554-633c-4f9f-8506-00429aeb6683",
      "description": "invoice 241",
      "purchasedDate": "2026-01-07T17:16:16.125Z",
      "purchasedPrice": 64
    },
    {
      "id": "8360a73f-76ed-40d3-aedf-8ba1f5abbb75",
      "description": "invoice 242",
      "purchasedDate": "2026-01-07T17:16:16.125Z",
      "purchasedPrice": 65
    },
    {
      "id": "545f18dc-0325-48d1-be01-df6d32c7801b",
      "description": "invoice 243",
      "purchasedDate": "2026-01-07T17:16:16.125Z",
      "purchasedPrice": 49
    },
    {
      "id": "86b0a579-92ca-468c-be60-ba0b64d41f36",
      "description": "invoice 244",
      "purchasedDate": "2026-01-07T17:16:16.125Z",
      "purchasedPrice": 26
    },
    {
      "id": "c76ce219-7b6c-439e-b7c9-8604cbf9bfc0",
      "description": "invoice 245",
      "purchasedDate": "2026-01-07T17:16:16.125Z",
      "purchasedPrice": 37
    },
    {
      "id": "59bcf9a4-9fff-4fa4-b788-a96f16e4cc57",
      "description": "invoice 246",
      "purchasedDate": "2026-01-07T17:16:16.125Z",
      "purchasedPrice": 51
    },
    {
      "id": "06fa21e5-2e6b-4720-b5ba-0cfadfb862fe",
      "description": "invoice 247",
      "purchasedDate": "2026-01-07T17:16:16.125Z",
      "purchasedPrice": 73
    },
    {
      "id": "29cb1477-7a08-43ce-9bbe-38d5b05739e5",
      "description": "invoice 248",
      "purchasedDate": "2026-01-07T17:16:16.125Z",
      "purchasedPrice": 46
    },
    {
      "id": "09239e82-d22f-4c7d-ad58-c391d8a2f5a4",
      "description": "invoice 249",
      "purchasedDate": "2026-01-07T17:16:16.125Z",
      "purchasedPrice": 70
    }
  ],
  "customers": [
    {
      "id": "d3174873-51d7-4ef7-8a70-0ee3c8af6073",
      "name": "customer0",
      "createdDate": "2026-01-07T17:16:16.125Z",
      "invoiceIDs": [
        "9b9ce16b-979e-4984-8416-54e41bba6d3b",
        "3b7cd76d-4036-4862-b52a-c68aded7fa7c",
        "86404e6b-1832-4196-953d-2f185f386f82",
        "5ff2a820-19a4-4109-95e1-d9686e35bff0",
        "65332e3c-eb43-49b3-9ec6-a2f4bf3cb207",
        "5cdeff40-73d9-4d5b-b651-40cc9fd8662b",
        "9915a783-42ab-40fe-a5f2-a9b6e72e974b",
        "38dcb6d4-06b1-49f7-b98d-bc0cec53e640",
        "457ac7c0-7caf-40da-9ca0-74bea894620d",
        "2b1abb40-d641-4db0-9c6e-74eb3f5032e0"
      ]
    },
    {
      "id": "2de9f974-10fc-43f5-882d-2dc68ebe432d",
      "name": "customer1",
      "createdDate": "2026-01-07T17:16:16.125Z",
      "invoiceIDs": [
        "75a3a1bb-8c0b-4280-b1b7-7aef3db1048f",
        "f37cf4bd-b9bf-42f9-93fb-5319eb426579",
        "df49589a-e3f5-40f6-8aa7-aca3af5c8427",
        "e0036786-b84c-4696-a233-9e5b65a22dd8",
        "4c6fbc59-a0c5-4f9b-84d5-64dfb3b3b555",
        "6311ac41-5dbb-4fe2-913b-59a9c5bcdbc0",
        "fa47a797-f88d-4b34-8e7c-e98f7b4cd570",
        "328eef25-0c4c-414f-ac11-cbc7d1424ffd",
        "2b41aca6-6b90-447a-b8bc-ea4f5ac4830f",
        "24236e0e-08f0-4063-a015-04db2b247ef3"
      ]
    },
    {
      "id": "06418f5b-bbe3-464c-bef1-b620758627dd",
      "name": "customer2",
      "createdDate": "2026-01-07T17:16:16.125Z",
      "invoiceIDs": [
        "3c32bbc3-1d98-4147-9717-a4602e36a18f",
        "909dc3ff-6496-4055-bbf4-1c7a40de4910",
        "2b4f77ba-8f66-453b-9b57-593a58bda883",
        "d985756e-8d6f-43af-8aad-0eb7c715ba98",
        "a7e67dc4-a39b-46e3-98fb-a473dafd900c",
        "74c5594d-630f-453a-93f8-0d08199d48a9",
        "9a00d590-0e0c-44d4-b7f5-5d3a4d167326",
        "738cc2df-7478-40f0-96ab-95daf0cf48a5",
        "fe8b8476-ee71-4f87-a03f-c4a56d08cf2e",
        "5073967b-e271-4ca5-8007-8af545b8be7d"
      ]
    },
    {
      "id": "b6476a6f-1737-4578-923d-fb1e64c799a6",
      "name": "customer3",
      "createdDate": "2026-01-07T17:16:16.125Z",
      "invoiceIDs": [
        "0dedd165-1b03-445a-9234-c6c2b990f557",
        "5cbdc06c-bd07-4a1c-882a-e4d7b686b994",
        "ae7adc75-5329-412a-9adc-695277cecf81",
        "6eaccada-3374-4bb2-932c-954cb378ec52",
        "071a9bc3-1d5a-4853-ba93-e862fd4e45c8",
        "879492c3-bc40-4261-ba6a-e478795bfc3f",
        "b2f73d0c-432c-414b-a935-b938ee7fdb4a",
        "d6b5eb84-48b8-4fe8-be04-e179909ca0af",
        "8aca9d32-dac1-45ae-b29a-3913cc80228b",
        "2bf871c7-3d42-4092-9026-06e58533ab78"
      ]
    },
    {
      "id": "11d51caa-c8bc-456a-8043-8e0dcfa10347",
      "name": "customer4",
      "createdDate": "2026-01-07T17:16:16.125Z",
      "invoiceIDs": [
        "f618314c-68fa-4da0-b79c-68318d25c8eb",
        "bd36f9c7-51e9-401b-8186-60da5fcc8af9",
        "48c95efb-83d7-4256-a09f-06d4b9f5f1ee",
        "728c287b-c2aa-4efc-afe9-480e3564cecd",
        "cecc8aa8-2431-4516-a818-e14db0ad4e17",
        "8876aaff-6d78-45a7-b517-685392fbb5fb",
        "5380b129-d4d1-46e6-9617-873f19b72306",
        "5c4d10ea-fc02-4062-8ffd-03cbd8bb7935",
        "81dd514a-cf13-454d-b5cc-b4103f6c3b8e",
        "203ab4ea-9a85-4667-a680-0a065eb9a5b1"
      ]
    },
    {
      "id": "9e89ff1b-adda-4da7-913f-02af73f63138",
      "name": "customer5",
      "createdDate": "2026-01-07T17:16:16.125Z",
      "invoiceIDs": [
        "c5c385b6-63d2-4c9b-84ae-626468730620",
        "b66c7edb-a37d-4f0c-bb7e-69e039ff5715",
        "c9564845-ed3e-4825-b8b1-61c887241b8a",
        "8da66980-7936-4904-93d2-8ef31cb0b7db",
        "a3ba13f0-a8e7-4d94-b80e-1d4d038cee55",
        "06c97dea-fc52-4d97-9ff8-be385b02e457",
        "b8681ab8-8d62-415c-b8b1-14ef5eb81c94",
        "b872981b-2e9f-4c2e-a417-c2e9f36058ee",
        "9e2d4ad0-d029-44c6-903c-c278bf60b754",
        "1c7fcf6c-cb16-4baf-8e2f-4187b9b2491f"
      ]
    },
    {
      "id": "528c781f-a3da-4291-8a2e-22eb7b0c0770",
      "name": "customer6",
      "createdDate": "2026-01-07T17:16:16.125Z",
      "invoiceIDs": [
        "4476b612-5948-440b-a238-cae89c336efc",
        "890dcf72-6a3f-4b5d-b8bf-3ab4fb497bb6",
        "f74009fd-f45b-4e49-a0a7-d6e772d3d56f",
        "fd16dc34-9dbe-4d11-8627-86028e0eefe6",
        "94d6320b-1085-485c-be86-76907bc9606e",
        "1f5742b0-e62a-4bdc-b9d4-41954d8f86f5",
        "0713815c-f4a9-4da4-98d0-edf74d9bb3ff",
        "0c7855dc-ce78-4446-8fc3-b959cfb83eed",
        "b797759c-cf7b-446d-a1b9-a9214c82a51a",
        "b2d41204-7f4f-49f9-a39b-8c5b5f10bfa6"
      ]
    },
    {
      "id": "b5863e95-4809-4d2b-ae83-97032ac93d68",
      "name": "customer7",
      "createdDate": "2026-01-07T17:16:16.125Z",
      "invoiceIDs": [
        "de58e733-dc13-47f4-a3c1-b488c11d7601",
        "5b11217f-9ef3-4a89-9f06-b864ba39bb92",
        "06f9f90c-04c6-45e7-998d-f92268c79cc0",
        "66e91b9a-b4d5-4682-bb1e-7499cc9c01e3",
        "f5f22aec-e6ac-45d7-bd9b-d4a3e933619b",
        "db801fa7-0727-44d8-aea7-885edbc1d215",
        "34547f0d-3f53-4c33-a9fe-b1d10cb6ec08",
        "cf86c25d-58ad-4f38-b306-e72e5de0d689",
        "540d761f-2e6d-48fb-bc16-1238c57c50b0",
        "75471bf0-9fa9-40ce-9d81-4f1f48e77726"
      ]
    },
    {
      "id": "6fb336b9-62c6-4b04-bc94-41855fbbee9b",
      "name": "customer8",
      "createdDate": "2026-01-07T17:16:16.125Z",
      "invoiceIDs": [
        "1ca68fe1-ae78-4bca-8894-81ec2bd6bf6f",
        "a1a7cb0d-ee58-4c0e-bbca-57aead7b6532",
        "ab94dfd4-5d9f-4da2-9a66-ec11981b4657",
        "e0fb0229-9070-4784-a423-8bd4f0df22f1",
        "535b9d39-6870-4e79-8ed2-ada52539eb93",
        "639a709f-a2fb-420e-a7d2-fbc8b64ab1bf",
        "01bed89c-09f7-48f4-8175-e6ed87b4f024",
        "be9d4032-5ec5-43e8-af78-d35b478ac798",
        "927f003f-979a-4a8b-a280-ca288b3ae78d",
        "8745cdad-f151-4da8-acda-53376375696c"
      ]
    },
    {
      "id": "e7dcef85-74b2-4a2f-a8de-248e2e6722cb",
      "name": "customer9",
      "createdDate": "2026-01-07T17:16:16.125Z",
      "invoiceIDs": [
        "edb6552e-2ff9-44d4-91aa-95e14b42794d",
        "5a83253f-5e98-4642-87b2-140172097ecf",
        "0e41ca7b-eb50-433c-a543-5739d85cde42",
        "df6c9d1f-6cdf-4d7b-8f1a-32d592c5dc84",
        "2e0ad759-9bcc-4acb-8e40-b323fc8a603b",
        "b9ca235d-5c6a-4917-a3ab-33dee8751c17",
        "24765da9-4a3f-46e4-8299-8462cf467175",
        "12e33830-6fbe-4cc3-aa7a-e57efb514d86",
        "2c7bd4ba-2ef2-491c-861f-e3f63e8663d7",
        "4b5988f0-524b-4507-a4e3-5a59e2bb1e18"
      ]
    },
    {
      "id": "b1ea67cc-c722-4b2a-a861-3d8aa76c757d",
      "name": "customer10",
      "createdDate": "2026-01-07T17:16:16.125Z",
      "invoiceIDs": [
        "58830b89-8b8c-4228-8c57-c33ae7fb2791",
        "57b4877f-1ccc-4457-ac27-9a452a7ceb3c",
        "f931fa19-dd7f-4c44-9447-5aa0cd41e2aa",
        "c5fde267-ec8d-45c4-9fd6-0867c7cf239c",
        "953d8c4d-f1bd-4830-bb55-a41d85538db7",
        "3b397f40-3e4c-46fb-b9d0-a79251873871",
        "7b1603c4-ae55-4677-b19e-a662aa7fcda8",
        "26afd2b4-c83d-4a3a-88ad-1292bb8139c8",
        "0c6d4348-aa15-406c-aab8-651e3a6a87d9",
        "c351bf59-a543-4410-b2e0-6c5a6af5bd3f"
      ]
    },
    {
      "id": "f4b4e7a1-9214-4596-ac32-da48010b9489",
      "name": "customer11",
      "createdDate": "2026-01-07T17:16:16.125Z",
      "invoiceIDs": [
        "1261e1a7-fdc0-4610-95de-a99ef6e704db",
        "7f430560-79c5-4040-87fe-eb3337a294b8",
        "214ee9aa-b850-490b-b033-a6d5e3cf3305",
        "36d044ff-064f-4a1d-8cb2-1a990de4ec47",
        "ac61ab10-a4ac-4b13-8ead-5032c5716b84",
        "402bf28f-a3b3-4b1a-85a6-33f5e0427b7f",
        "a1856c4e-592e-4fe6-b3b0-b9939ed486fe",
        "a3e3bd71-1bd3-49bd-913b-6260da55f745",
        "b99c98bd-5e64-4593-b280-8de0596d48a8",
        "a7a05592-0e45-43e2-bfb9-86c0cd818531"
      ]
    },
    {
      "id": "bae42802-58f1-4099-8368-3a2202401508",
      "name": "customer12",
      "createdDate": "2026-01-07T17:16:16.125Z",
      "invoiceIDs": [
        "9a5f570e-a3b0-4d79-a90e-8a1d4a48116e",
        "95e570dd-ac13-417f-b63c-c83e8145972e",
        "66711343-90b9-4b71-ad7c-7b82ee396fab",
        "24153d17-61da-4397-947e-891c1155fd13",
        "a3d8f5e8-c242-4873-8cb0-9e138faef602",
        "f3f87b1e-9a41-433c-b7b2-b003e8b68f5a",
        "1dcba8b8-ce80-4f04-bd04-c37ac56aa138",
        "b3dd5c4b-7180-4ba0-ada8-ba18b9c63be6",
        "e1867a6a-ae78-4229-8166-0fb4dc0a51d2",
        "36241648-73bd-42af-8fd9-0f6361908d2b"
      ]
    },
    {
      "id": "8c0f003b-8c3d-4963-a232-0602dd365c30",
      "name": "customer13",
      "createdDate": "2026-01-07T17:16:16.125Z",
      "invoiceIDs": [
        "33556567-5f06-4a05-b04c-0eb2c8d1e0ea",
        "72925418-705d-48ef-aa39-607b3f335db0",
        "d0a802a6-eb9e-4c9d-a418-7ae4995f4778",
        "61b86243-32f1-4945-af7d-0b6895b2582b",
        "4321fdc8-1ad2-4516-a813-d8288e304967",
        "6a2c1d06-059b-4772-93c4-c97f50a76ac4",
        "f074c317-111a-4f89-8790-be6c587f5060",
        "d668ba64-eb4c-4ec5-9dd0-7c721cd6e926",
        "d0c6ebfb-203e-40fc-8e6d-d9857b8cde2e",
        "35395e4c-334d-4e3a-9b02-08d55b151be6"
      ]
    },
    {
      "id": "606cd558-9d43-4792-baf2-a54d95509b44",
      "name": "customer14",
      "createdDate": "2026-01-07T17:16:16.125Z",
      "invoiceIDs": [
        "fb23faff-247c-44bf-9e43-1180f1327897",
        "f0e67acf-db7c-4bd0-8bec-3ec157372724",
        "be69b2d8-bfd6-4ff4-a8ec-701954f92ed2",
        "d3c38e02-67ae-4542-a24d-e11070ee949d",
        "5be5e874-b93c-4d2f-8ea4-f9ad9a4ff36f",
        "b8e0e09d-59b2-49fc-a61e-c37ffa64d238",
        "058e5e26-fe22-42be-84a9-e8c78e9a4e80",
        "c6087f30-6d91-4d0a-b165-03ba69fb7c1f",
        "3b2dc343-bc6c-42fa-927d-a56f920fcc2a",
        "85c943c6-1153-4209-9dee-fd6ad02198b7"
      ]
    },
    {
      "id": "90349fc4-363a-447b-823d-4274397c80a3",
      "name": "customer15",
      "createdDate": "2026-01-07T17:16:16.125Z",
      "invoiceIDs": [
        "55cb3b89-87d1-45df-a1fb-9e4ca8f30733",
        "19ec6e65-b6fa-4bca-8fc9-e896f21fb6e6",
        "f07b3d65-583f-4e91-b75a-2fd632aa2d97",
        "b4a4c40e-0e7d-4e23-8151-d2bd17a2268a",
        "44da89ca-1bfa-4a06-a78c-e141f3ad50e8",
        "c3d0397f-509a-443c-9068-b931dc30c3e6",
        "34e60c78-3fb3-4868-81da-fdc3d8152c81",
        "a0ebc2b4-7a9f-46c3-95c8-2a6b8340f32b",
        "9cae42b6-33b6-4229-8bbe-5abbfe01f180",
        "c292fe2b-584b-41db-b191-e1fdc6156f95"
      ]
    },
    {
      "id": "865512e2-0eb7-4dda-86f6-8a58d3146548",
      "name": "customer16",
      "createdDate": "2026-01-07T17:16:16.125Z",
      "invoiceIDs": [
        "271052a7-4070-490e-8b45-60fc81dedecd",
        "c4ced346-3b40-4ec5-814a-55df7aedd65a",
        "16d461a0-85c4-417b-835e-92134b796650",
        "1c7108e2-ae7f-4a68-bf63-35ec4653e028",
        "17b3c152-be56-4efa-bd18-4a3b6239a210",
        "a55d65f3-ebe2-4a9f-9176-a04e18776cbb",
        "9a647adb-eee0-4b3c-b8e5-e964d68bbe5c",
        "2a27b08a-c3cb-40f5-9dbc-9e7f619b4afa",
        "63a218b9-73f9-4d16-a575-8ed9f9ac56bc",
        "5d694ac3-8b08-4eb5-8709-75aef7bae5f5"
      ]
    },
    {
      "id": "3afa0431-ebf2-48bc-91a6-20ba704b12a0",
      "name": "customer17",
      "createdDate": "2026-01-07T17:16:16.125Z",
      "invoiceIDs": [
        "6844d610-bbe7-424c-ad23-a29b53519e1d",
        "c984b9ef-7d8a-4333-9cdc-10ce5a858b91",
        "87063e50-fcd6-43ae-a492-e299ca1c9132",
        "b6ee6d15-8193-4537-b599-9f5d54f89584",
        "49989a7b-8cba-45f4-b901-326020f8d997",
        "4e81adb3-a0a7-4bdf-8e50-bd39314cd499",
        "5c56a0f5-d57d-459a-9789-4814f92c209c",
        "af546e67-c89a-49bb-b2be-5e418508dd43",
        "2f576533-3ab0-4623-ac71-18232791fd55",
        "94af50d4-43e8-4af3-9778-d4d9f9e06a04"
      ]
    },
    {
      "id": "d75dae7f-f832-4b80-ac0b-34e2603dd0b2",
      "name": "customer18",
      "createdDate": "2026-01-07T17:16:16.125Z",
      "invoiceIDs": [
        "e60564bd-e414-400d-afa0-5d9d1cf3d0b6",
        "1e97b0bb-11ff-410c-9696-2b3e62324ef5",
        "2377f665-5cfb-4cf9-94a2-6756b1a7faa8",
        "9cf13f85-7dcf-4aed-8efb-f006de5f10ea",
        "f7c46f6e-9f4f-46da-beef-1aff17716add",
        "76e39e67-5005-4d64-af8d-e5cd62e79558",
        "0def522d-e87f-466c-89da-ddd610abebf8",
        "21bb1f0c-5a3b-4385-a351-f98d89de7773",
        "3670ca5b-57a2-4d89-8e72-94b59c906fcd",
        "f5f5cbd9-0af3-440c-a80d-8002fdfba230"
      ]
    },
    {
      "id": "0fc3098b-3834-477b-a386-362e517f1722",
      "name": "customer19",
      "createdDate": "2026-01-07T17:16:16.125Z",
      "invoiceIDs": [
        "72644122-c711-4b54-aa61-bdd63714fe73",
        "a0bb8dbf-74d4-4354-8b4f-d57f740dd49e",
        "9907fcb3-8d68-4732-85a0-b04a46e4e141",
        "b1546b0e-57c9-4260-9afd-714c9957cc94",
        "ec0d2e29-81d9-4874-a5e9-0b8790ebe6be",
        "07279b6d-558b-4e2f-9236-bb059ab4e78d",
        "fa27c273-eea6-47b1-956c-20a35f701739",
        "730d7238-c17d-4899-8710-e26d98bfb713",
        "9334938e-fff5-492a-b835-86139ab4ddd1",
        "32af1340-4abb-43c9-8a73-34deca648634"
      ]
    },
    {
      "id": "c403e3ab-0de6-4238-93bc-3c6f82356b2c",
      "name": "customer20",
      "createdDate": "2026-01-07T17:16:16.125Z",
      "invoiceIDs": [
        "fd1ae689-0d44-41aa-a94f-ab676db931c8",
        "a8434b77-e207-408d-beb6-30de83f10375",
        "6f35b5d7-d471-456c-8e29-cdb445db41c0",
        "da9c076a-78fc-4719-827a-3035963ccb41",
        "ae895647-d920-40b5-8c70-9ca713f555e3",
        "b85214d1-a3cf-4f6e-83b0-0efd018bf70a",
        "27ebf4ea-1348-4c06-99dd-5e5380be3f61",
        "bd7765c5-2221-41c9-8992-c8592a339598",
        "9f80a12a-2379-4db7-b616-2a56d486a114",
        "73c9f510-f8d3-4322-a120-cd06b230a11a"
      ]
    },
    {
      "id": "974401d6-e627-45c4-ba43-82416bdee553",
      "name": "customer21",
      "createdDate": "2026-01-07T17:16:16.125Z",
      "invoiceIDs": [
        "2f7f689f-213f-490b-9f5b-87d55c1912b3",
        "413c8c60-9c50-49b1-a7d0-dcfad051f54c",
        "92a0f0ea-1c7b-490a-a52c-ccafaac178d4",
        "8062bff8-e103-4be8-be5a-368b4e4dc0c2",
        "2f35a905-ec91-425f-a1d9-932e2d158f5c",
        "e0b5bc46-a6a7-4319-8f44-f333a0f7d3e2",
        "8c4b4df5-6eea-4410-a912-b497b11627e2",
        "39f3a84e-0f7b-40ee-931d-5e1fc2611975",
        "5eb494ad-1dd1-4d1c-9611-0b99272e34d4",
        "d6cc2181-7fff-441f-8797-f0d234fe52d3"
      ]
    },
    {
      "id": "d4064a25-0574-4beb-a60b-77ad08862fa1",
      "name": "customer22",
      "createdDate": "2026-01-07T17:16:16.125Z",
      "invoiceIDs": [
        "7d25928e-5ecd-4845-809b-05c5854b231f",
        "59c37143-7b92-41dd-9429-ebadd4261e43",
        "fc83509d-09e6-4f54-9e39-8da036eed712",
        "3d95ad4c-91b5-4fd0-8d2e-ca32ca1db508",
        "ee073812-4ef7-4352-acdd-84146537b270",
        "df879321-f3c6-48c0-8e06-c47b0592b90f",
        "c77f7a4e-6e1c-43e8-bcfc-7db5f4248982",
        "48d5da97-d63c-4ab1-84fb-d2701bfa50b8",
        "392c48ab-4dd2-45cb-b7a8-ef7ea71344a1",
        "550eb24b-961b-43a5-af9e-327a7585b9c5"
      ]
    },
    {
      "id": "ae50a4d0-d42e-459a-988f-88809cd6f471",
      "name": "customer23",
      "createdDate": "2026-01-07T17:16:16.125Z",
      "invoiceIDs": [
        "dce5bd55-2b1a-4e3d-affb-caea88d61fec",
        "d9b50d9f-ceaa-4bc6-9583-dd2cb519ba13",
        "1eaddff3-235c-462e-8cb1-e8bd191cc6df",
        "14e3102a-a630-4257-85c0-f95d3b756c00",
        "31b79454-8325-45bd-93fe-6a2663806e6a",
        "98996854-579d-4503-be3c-56031a20e7f3",
        "a8ea038e-a615-4602-84ce-2dc5ab07f9ba",
        "d073063f-0096-4925-8d6e-e158b18ccdac",
        "b889e1c7-cb83-4fa6-8375-43fed77794e4",
        "82038b28-4645-4502-a313-5152ef95eb36"
      ]
    },
    {
      "id": "475c92f1-7f80-4eb4-b1fa-235755999eca",
      "name": "customer24",
      "createdDate": "2026-01-07T17:16:16.125Z",
      "invoiceIDs": [
        "920d92d9-e6e4-4828-ba21-a5eb8cc5e348",
        "b9637554-633c-4f9f-8506-00429aeb6683",
        "8360a73f-76ed-40d3-aedf-8ba1f5abbb75",
        "545f18dc-0325-48d1-be01-df6d32c7801b",
        "86b0a579-92ca-468c-be60-ba0b64d41f36",
        "c76ce219-7b6c-439e-b7c9-8604cbf9bfc0",
        "59bcf9a4-9fff-4fa4-b788-a96f16e4cc57",
        "06fa21e5-2e6b-4720-b5ba-0cfadfb862fe",
        "29cb1477-7a08-43ce-9bbe-38d5b05739e5",
        "09239e82-d22f-4c7d-ad58-c391d8a2f5a4"
      ]
    }
  ]
}